ticker,trade_type,volume,price,execution_time,broker_trade_id
AAPL,SELL,156,89.81,2026-06-05 00:45:09.558582,c647babb
ZS,BUY,115,269.58,2026-06-05 05:17:55.733863,c8faf80c
ZS,SELL,364,143.26,2026-06-05 03:07:30.180798,e72e882e
ION,SELL,88,76.27,2026-06-05 00:23:25.368759,06e4754c
ION,BUY,134,75.43,2026-06-04 17:53:54.870565,74ac87d3
ION,SELL,344,464.33,2026-06-05 01:04:15.360315,83529c06
ION,SELL,366,254.65,2026-06-05 04:22:25.003737,60c9c48a
TSLA,BUY,141,103.37,2026-06-04 15:34:41.918586,9a52e9d5
AAPL,BUY,137,418.06,2026-06-04 15:17:44.457001,85a08a7b
AAPL,SELL,57,256.29,2026-06-04 17:01:20.620491,7d608229
ION,BUY,190,153.47,2026-06-04 23:39:14.062537,628cae01
AAPL,SELL,134,496.1,2026-06-05 12:49:17.267343,a3b3657a
ION,SELL,33,427.98,2026-06-05 06:19:39.897400,37570837
AAPL,BUY,292,149.56,2026-06-04 15:10:03.639058,cf5fd9f2
ZS,BUY,208,53.85,2026-06-05 13:49:04.385731,62e09199
MSFT,BUY,204,307.36,2026-06-05 10:22:05.072827,de330aff
ION,SELL,414,293.05,2026-06-04 15:23:10.605978,ffc3ac21
ION,SELL,69,299.17,2026-06-05 05:06:43.919813,683e11d3
ION,SELL,434,98.57,2026-06-05 00:48:39.489064,0136fed9
MSFT,SELL,26,279.13,2026-06-04 21:37:00.139520,d332ba00
TSLA,SELL,265,371.13,2026-06-05 02:34:53.708462,da42fccc
MSFT,BUY,142,164.65,2026-06-05 13:49:13.079054,dd0b6523
ION,BUY,498,340.91,2026-06-04 22:14:56.692442,0e78d99e
AAPL,SELL,413,109.72,2026-06-05 13:16:17.564979,630633df
ZS,SELL,135,182.23,2026-06-04 17:52:31.306876,62dbcb60
MSFT,BUY,335,220.18,2026-06-04 16:45:54.926806,1ab919cd
ION,SELL,358,460.68,2026-06-04 23:12:09.391895,bd110f93
MSFT,BUY,407,408.93,2026-06-05 09:39:34.465840,af429928
ION,SELL,455,300.04,2026-06-04 19:31:43.543732,a7cd9575
TSLA,SELL,460,362.51,2026-06-05 08:51:14.048954,1e208b15
TSLA,SELL,94,248.57,2026-06-05 02:33:45.567315,48e2e97d
AAPL,SELL,45,153.35,2026-06-04 23:12:17.036435,7efd3752
TSLA,SELL,467,310.79,2026-06-05 08:14:07.182552,a254b8b1
ION,BUY,136,320.57,2026-06-05 08:21:02.640870,70748f5c
ION,BUY,279,329.26,2026-06-05 04:12:01.573861,d3be10b6
ZS,BUY,76,487.49,2026-06-05 01:22:35.686530,b15f9f7b
AAPL,BUY,439,266.15,2026-06-05 11:45:00.551622,de463351
ION,SELL,469,130.17,2026-06-04 18:16:45.110681,26d4b84c
MSFT,BUY,187,149.54,2026-06-05 06:55:06.298056,bdf86f50
MSFT,BUY,178,131.27,2026-06-04 23:10:07.354455,e47c7ef9
ION,SELL,207,349.65,2026-06-05 11:23:38.034744,bbccfe9e
ZS,BUY,477,159.73,2026-06-05 03:16:47.131488,e772b50a
AAPL,BUY,332,185.76,2026-06-05 02:44:04.120503,29b6bac4
AAPL,BUY,332,257.23,2026-06-04 23:19:19.091438,c3294d79
MSFT,SELL,219,130.84,2026-06-05 00:25:23.141636,3cfa7565
TSLA,BUY,50,495.77,2026-06-04 21:57:16.709392,f1f87184
MSFT,BUY,255,79.68,2026-06-05 01:58:24.750455,546e0d11
TSLA,BUY,492,244.93,2026-06-04 20:06:56.287062,08d1f038
AAPL,SELL,279,201.38,2026-06-04 15:49:19.150848,a3db11c7
ION,BUY,250,85.97,2026-06-04 16:14:05.108461,7a2333a3
ZS,SELL,352,241.0,2026-06-04 15:03:16.175518,e8770260
MSFT,BUY,484,188.72,2026-06-04 21:58:34.119241,674d66c1
MSFT,SELL,162,434.64,2026-06-04 15:22:03.012152,059bf103
AAPL,BUY,64,481.3,2026-06-05 14:02:26.219727,30637584
ZS,SELL,365,136.51,2026-06-05 09:55:26.744148,28c0a69c
ION,BUY,150,77.97,2026-06-05 07:51:16.898702,8ff6c21c
MSFT,SELL,142,133.65,2026-06-04 20:55:06.526294,c43ef1aa
TSLA,SELL,360,265.55,2026-06-04 15:03:35.073325,f6373b73
AAPL,SELL,106,489.59,2026-06-04 19:59:50.992657,7bdc64ae
ZS,BUY,439,203.0,2026-06-04 18:18:24.894789,8c5a8752
TSLA,SELL,406,450.66,2026-06-05 06:19:32.855594,c9f7a593
MSFT,BUY,191,404.9,2026-06-05 12:01:21.358255,1cf83a8b
ZS,BUY,318,299.86,2026-06-05 07:58:14.194623,72f648e8
MSFT,SELL,41,208.24,2026-06-05 03:50:11.550311,09c4aee1
AAPL,SELL,405,349.38,2026-06-05 14:40:05.354492,83ed8ea6
ZS,BUY,115,412.93,2026-06-04 17:59:42.217938,b3865362
ION,BUY,336,346.26,2026-06-04 21:54:23.579815,508081e7
ION,SELL,397,425.08,2026-06-05 07:11:41.353379,bfdc62cd
AAPL,BUY,350,175.55,2026-06-04 16:41:29.645574,f3e98bc8
ION,BUY,52,117.3,2026-06-04 17:25:27.235106,9b5c2cd5
AAPL,SELL,458,479.31,2026-06-04 20:27:43.811889,a19aeb2c
AAPL,SELL,37,446.44,2026-06-05 03:34:49.388837,3670a167
TSLA,BUY,197,391.44,2026-06-05 05:58:05.116760,e853912a
ZS,BUY,274,429.58,2026-06-04 16:10:10.040075,1208d36f
ION,BUY,342,171.86,2026-06-05 05:33:27.731964,7c2d4dbb
TSLA,SELL,427,345.32,2026-06-05 00:25:40.325843,3c93f605
AAPL,SELL,469,397.56,2026-06-05 10:03:01.562830,9fa11de7
AAPL,SELL,492,493.78,2026-06-05 00:17:26.699415,27172238
ZS,SELL,118,216.4,2026-06-05 00:22:10.678097,3a8ccff5
ION,SELL,411,106.91,2026-06-05 06:22:58.299908,5dac4e16
TSLA,BUY,364,77.2,2026-06-04 22:03:47.789411,4adb8fc3
ION,SELL,97,281.81,2026-06-04 19:21:48.038345,896ec6d1
MSFT,SELL,89,125.06,2026-06-05 14:42:08.584394,e8dfc500
ZS,SELL,31,273.37,2026-06-04 19:51:42.566713,634ff465
MSFT,BUY,60,89.72,2026-06-05 13:39:06.579397,6d8cfe90
ZS,BUY,494,83.34,2026-06-05 04:41:41.398874,ccb08de8
TSLA,SELL,39,138.29,2026-06-05 11:56:53.704596,30ee018f
MSFT,BUY,442,126.64,2026-06-05 11:57:43.358590,32eb2616
ZS,SELL,241,192.91,2026-06-05 04:03:44.948051,b64aea3f
TSLA,BUY,394,478.99,2026-06-05 07:03:04.307371,431e41f6
AAPL,BUY,32,485.76,2026-06-05 09:33:07.189049,192dd85e
MSFT,SELL,62,304.48,2026-06-05 04:20:09.701944,2b0573ad
ION,BUY,72,195.43,2026-06-04 21:16:02.678200,0c1d0ec3
ZS,BUY,51,272.4,2026-06-04 18:40:44.372600,23aab155
ION,BUY,266,186.35,2026-06-04 22:02:00.100792,7b901028
ZS,SELL,347,345.09,2026-06-05 11:30:18.967308,be6f67ee
ZS,BUY,430,378.06,2026-06-05 06:21:14.061295,2e2ae498
ION,BUY,331,447.49,2026-06-05 02:32:41.136198,a34f0e1d
ION,BUY,315,345.74,2026-06-05 14:16:09.376160,83030914
ION,SELL,291,285.66,2026-06-05 06:06:38.789730,1cda8030
ZS,BUY,250,303.44,2026-06-05 02:46:33.202888,63045477
TSLA,SELL,77,161.91,2026-06-05 09:55:52.216508,e97620ea
MSFT,SELL,43,496.04,2026-06-05 07:04:20.109325,e4c0b8c2
ZS,BUY,458,452.98,2026-06-05 03:21:52.840487,fcc80c2a
ION,BUY,129,113.56,2026-06-05 08:44:32.973201,82eee13b
ION,BUY,123,229.87,2026-06-05 05:41:16.692264,1cbbf95b
MSFT,BUY,225,87.87,2026-06-05 12:04:08.976860,87fa5153
MSFT,BUY,344,339.47,2026-06-05 10:08:16.716481,bbfd4d44
ZS,BUY,334,393.8,2026-06-05 00:02:56.384540,3d932303
ZS,SELL,335,210.57,2026-06-05 09:10:05.316215,ff3f291b
ZS,BUY,172,66.77,2026-06-04 19:56:10.749545,c26105c3
ZS,BUY,125,452.19,2026-06-05 04:55:41.108574,672bc25d
TSLA,SELL,210,376.48,2026-06-05 08:13:33.172323,a2dacbb6
AAPL,BUY,380,245.65,2026-06-05 04:49:51.796096,8be04a47
TSLA,BUY,21,424.82,2026-06-04 21:13:53.237417,d554bad7
ION,BUY,122,470.97,2026-06-05 08:09:53.973240,725df6f2
ION,SELL,349,470.39,2026-06-04 19:22:20.028436,ffd0e7b1
MSFT,BUY,408,151.83,2026-06-04 19:31:49.833705,d2a83af8
ION,BUY,86,181.28,2026-06-04 22:32:03.489103,61fe8d8e
TSLA,SELL,170,216.83,2026-06-04 17:42:12.310611,3cdb4465
MSFT,SELL,339,498.45,2026-06-05 10:40:38.453355,21b1fbe8
AAPL,BUY,147,214.41,2026-06-05 07:48:38.737130,c599d053
ION,BUY,135,280.26,2026-06-05 02:53:59.681018,3ece5412
MSFT,SELL,317,230.1,2026-06-05 13:30:23.000420,b49fcdb7
AAPL,BUY,406,57.65,2026-06-04 22:01:20.833872,e42ba904
TSLA,SELL,386,237.25,2026-06-05 03:52:33.841806,e9238b48
ION,BUY,37,230.26,2026-06-05 05:56:09.674384,d1c93c7d
AAPL,SELL,51,323.49,2026-06-04 16:56:27.499410,064e01c1
ION,SELL,407,280.7,2026-06-05 13:29:35.026548,a6cfb51a
ZS,BUY,271,204.87,2026-06-05 01:25:03.217984,0d69c4df
AAPL,SELL,400,458.77,2026-06-05 02:19:59.856582,6862c11d
ION,SELL,255,172.01,2026-06-05 00:25:10.212630,ab1baf8c
AAPL,SELL,320,61.98,2026-06-05 00:46:48.625605,5b37b076
TSLA,BUY,471,296.42,2026-06-05 11:06:42.920336,92af5699
AAPL,BUY,371,97.57,2026-06-05 14:11:04.683125,218d7896
AAPL,BUY,290,476.54,2026-06-05 07:20:49.500584,17bb49d8
AAPL,BUY,247,72.03,2026-06-05 01:16:48.375443,e7f3f0ed
MSFT,SELL,380,139.87,2026-06-05 03:41:14.501091,0f1f10f9
ION,BUY,80,335.12,2026-06-04 19:27:08.148295,441640b3
AAPL,SELL,497,174.51,2026-06-04 17:22:55.376662,2a4d6651
ZS,BUY,312,409.76,2026-06-05 12:47:46.279182,2640a194
ZS,BUY,444,88.3,2026-06-04 17:10:08.745481,7efad0d2
TSLA,SELL,162,89.89,2026-06-04 16:56:29.843565,16c588b8
AAPL,SELL,358,59.47,2026-06-05 05:33:17.882803,50fb7333
ZS,SELL,97,196.39,2026-06-05 02:12:16.795872,16f7dba0
ION,SELL,342,104.32,2026-06-05 10:47:20.020787,1ff7ed41
TSLA,BUY,263,421.56,2026-06-04 16:13:55.113294,cfef8234
ION,BUY,232,276.28,2026-06-05 02:38:16.554813,2c712dba
MSFT,SELL,178,243.0,2026-06-05 13:29:34.556209,e44462c3
AAPL,BUY,416,222.2,2026-06-05 03:23:53.126545,9a512ee8
AAPL,BUY,88,301.62,2026-06-04 15:22:04.736784,e9effd4c
AAPL,SELL,240,131.35,2026-06-05 01:29:35.536252,aec171a4
TSLA,BUY,105,443.05,2026-06-05 10:05:50.266117,627307fb
TSLA,SELL,424,70.36,2026-06-05 00:06:29.886535,1407ba31
ION,SELL,347,489.36,2026-06-04 16:15:34.210432,1554d6eb
MSFT,SELL,469,372.75,2026-06-05 11:28:42.904871,020cf156
ZS,SELL,168,394.54,2026-06-05 01:40:36.966511,f9a31fe7
TSLA,BUY,197,492.93,2026-06-05 13:29:28.917805,52566d79
TSLA,SELL,54,173.73,2026-06-04 20:11:46.582247,742a4fa1
AAPL,BUY,314,201.49,2026-06-04 23:12:39.382824,eac2b64f
AAPL,BUY,108,212.76,2026-06-05 04:23:50.857107,7d521c4e
ION,SELL,277,274.33,2026-06-05 04:23:21.191066,5dc1ab27
ZS,SELL,115,66.42,2026-06-05 03:07:20.045183,2cdec471
AAPL,BUY,307,180.58,2026-06-05 07:55:26.458032,8132ff5f
ZS,SELL,166,336.32,2026-06-05 01:15:57.002630,9b1a9099
MSFT,BUY,134,117.03,2026-06-04 16:28:58.650184,4fd6c369
MSFT,SELL,38,323.57,2026-06-05 14:30:25.099128,31332ebf
AAPL,SELL,194,365.24,2026-06-05 00:21:54.576665,b8c12620
ION,SELL,115,407.51,2026-06-05 09:55:47.324298,25dbe142
MSFT,BUY,171,377.5,2026-06-05 03:20:27.921099,c21e36ac
ION,BUY,498,66.42,2026-06-04 17:17:03.435780,91aeb5cd
ZS,BUY,412,472.21,2026-06-04 14:58:29.922719,98610b38
ION,SELL,462,144.89,2026-06-05 04:33:43.813000,a081fed8
AAPL,SELL,297,103.66,2026-06-05 13:18:27.895636,92aafe7a
TSLA,BUY,99,315.04,2026-06-05 10:51:17.184817,2dd208a8
ION,SELL,144,323.44,2026-06-05 02:20:57.117568,c0a34632
TSLA,SELL,124,102.02,2026-06-04 15:24:22.265262,586a0e70
MSFT,SELL,97,491.54,2026-06-05 10:25:50.499644,868b6a63
ION,SELL,338,345.55,2026-06-05 02:45:50.562780,21102a77
MSFT,SELL,183,358.39,2026-06-04 19:47:52.790024,05cecf75
ZS,SELL,59,170.13,2026-06-04 20:01:19.277864,265dda3a
ION,SELL,74,476.91,2026-06-04 15:28:39.588019,50dd8155
ION,SELL,49,488.03,2026-06-04 20:25:21.940150,6cb8cd94
TSLA,SELL,329,278.83,2026-06-04 17:19:44.090740,b741e2b9
ION,BUY,10,221.38,2026-06-05 10:23:38.392262,8b4a1add
AAPL,BUY,170,400.53,2026-06-05 05:22:09.445139,ca6f8afc
ION,SELL,176,316.32,2026-06-05 09:13:08.211341,c19e4dab
ZS,SELL,419,263.19,2026-06-05 08:50:55.522158,e89845f8
MSFT,BUY,157,443.46,2026-06-05 02:32:58.655159,0569db84
MSFT,BUY,180,419.01,2026-06-05 11:28:52.473937,9316c1f0
TSLA,BUY,366,196.62,2026-06-05 09:24:35.726399,036be2dc
ZS,BUY,74,254.12,2026-06-05 08:49:02.327365,847dad61
AAPL,BUY,212,475.9,2026-06-05 14:08:52.278163,a4f56e43
ZS,BUY,103,208.58,2026-06-04 21:53:24.495823,9a00e04e
ION,SELL,342,112.71,2026-06-05 07:31:15.510300,f2ba1e37
ZS,BUY,398,117.38,2026-06-05 13:01:08.871356,1878badb
ION,SELL,60,475.65,2026-06-04 18:40:39.263438,cfc6cfe2
ION,BUY,193,295.48,2026-06-05 10:56:09.687361,354a34e5
MSFT,BUY,140,312.41,2026-06-04 17:08:12.974226,4a960c4d
ZS,SELL,471,346.54,2026-06-05 08:52:05.306067,862cc5a7
MSFT,BUY,124,253.0,2026-06-04 18:59:47.567851,72576ea1
AAPL,SELL,53,218.06,2026-06-04 22:05:00.568637,0e8ac8a8
AAPL,SELL,270,79.28,2026-06-05 07:11:33.754634,9e45c493
MSFT,SELL,75,157.5,2026-06-05 04:17:42.154322,d42a7894
AAPL,SELL,329,310.77,2026-06-05 09:11:01.357597,11bc05af
MSFT,SELL,451,364.03,2026-06-05 13:57:53.031685,d0ea7983
TSLA,BUY,83,363.53,2026-06-04 16:41:25.845348,cc961817
ZS,SELL,58,448.92,2026-06-05 03:17:49.634591,f71f7839
AAPL,BUY,334,397.42,2026-06-05 04:00:38.234292,88e1c453
ION,SELL,341,133.75,2026-06-04 20:35:21.169484,90d9100a
MSFT,SELL,197,286.2,2026-06-04 19:24:06.111451,296b6d14
TSLA,SELL,271,439.02,2026-06-05 01:20:37.088531,9c2efa36
ZS,BUY,220,254.8,2026-06-05 05:57:53.183374,1eb0db83
AAPL,BUY,71,246.08,2026-06-05 03:31:08.350997,9552e5b1
AAPL,SELL,193,439.33,2026-06-04 17:44:41.093728,59f2c7d0
TSLA,SELL,468,444.87,2026-06-05 09:01:36.636106,122b16c6
ZS,SELL,46,62.39,2026-06-04 21:44:48.734642,17b0fe00
ION,BUY,421,460.51,2026-06-04 20:25:55.353175,11c48a03
AAPL,BUY,425,307.85,2026-06-04 15:00:57.344697,509f1831
ZS,BUY,459,317.69,2026-06-05 01:15:22.358701,e8205716
MSFT,BUY,341,71.58,2026-06-04 19:44:36.299873,0b8e78c6
AAPL,BUY,227,295.51,2026-06-04 23:28:20.957042,a7aa6a56
AAPL,BUY,331,232.65,2026-06-05 05:18:25.547359,afc29418
MSFT,SELL,426,148.35,2026-06-05 03:11:27.196649,5b57163d
TSLA,SELL,309,418.91,2026-06-04 16:42:00.695198,9b3339c2
TSLA,BUY,414,192.63,2026-06-05 01:44:42.759089,0516b42b
ION,SELL,116,349.87,2026-06-04 18:52:21.853081,8cc562d1
AAPL,BUY,275,439.19,2026-06-04 16:45:00.029449,6ca63a02
MSFT,BUY,298,290.99,2026-06-05 03:28:52.423187,56001ffa
AAPL,SELL,241,121.84,2026-06-05 05:09:09.191171,b98ad8be
AAPL,SELL,114,328.96,2026-06-05 07:20:49.415566,df5eaecf
AAPL,SELL,138,437.25,2026-06-04 15:44:18.663973,c82d467a
MSFT,SELL,89,122.78,2026-06-05 05:37:31.876917,7123c335
ION,BUY,230,150.95,2026-06-04 21:45:51.069912,a07d1280
ZS,SELL,77,202.17,2026-06-05 06:55:27.286530,7232bb48
TSLA,BUY,364,145.49,2026-06-05 03:57:21.391907,90b5fb89
MSFT,BUY,339,98.88,2026-06-05 12:28:48.399762,2ae2125d
ZS,BUY,298,485.63,2026-06-04 21:27:21.671024,875e188c
MSFT,BUY,274,290.45,2026-06-04 23:43:00.315802,f9813aeb
AAPL,BUY,497,294.38,2026-06-04 17:03:40.089792,f8672426
TSLA,BUY,334,287.12,2026-06-05 05:56:34.461882,7822f997
ZS,SELL,483,384.67,2026-06-04 22:19:00.677246,74d37085
ION,SELL,330,346.68,2026-06-05 13:59:59.699536,283dead1
TSLA,BUY,426,456.02,2026-06-05 12:29:07.379827,e1adc87e
MSFT,BUY,44,229.81,2026-06-05 12:12:12.343772,cf04bcb0
AAPL,BUY,116,481.11,2026-06-04 21:53:42.502588,60f5db5a
ION,SELL,260,184.15,2026-06-05 10:27:36.380609,b61f7d62
TSLA,SELL,297,317.55,2026-06-05 10:19:18.312693,56e93974
ION,SELL,131,254.39,2026-06-05 10:29:09.985401,253649d3
ION,BUY,296,185.02,2026-06-05 13:05:13.209659,f43536be
MSFT,SELL,207,411.8,2026-06-05 00:14:55.843433,ffbad4b0
TSLA,SELL,15,176.96,2026-06-05 03:54:13.102325,54c4e02c
TSLA,SELL,468,176.44,2026-06-05 01:23:53.018751,82506a3a
AAPL,SELL,56,470.25,2026-06-04 22:40:01.969157,3ab3ddd0
ZS,BUY,463,265.1,2026-06-05 08:14:22.239206,f08fa4f2
ION,BUY,147,377.27,2026-06-05 07:37:24.319563,7e753f4d
TSLA,SELL,127,354.35,2026-06-05 06:30:39.295247,20591296
AAPL,SELL,395,203.03,2026-06-04 23:56:08.569862,119145e4
ZS,BUY,108,326.4,2026-06-05 01:43:23.045476,029ba79c
MSFT,SELL,21,174.71,2026-06-05 06:27:16.431864,1cbd11d7
AAPL,SELL,30,127.39,2026-06-05 04:06:27.183817,6d9cf981
MSFT,SELL,97,382.97,2026-06-04 22:22:07.057079,b6d39f9e
TSLA,SELL,459,333.43,2026-06-05 09:05:54.348201,5ba2c781
TSLA,BUY,102,375.85,2026-06-05 11:05:09.046718,f16c483d
ION,BUY,285,385.5,2026-06-05 07:25:01.395444,059211f9
AAPL,BUY,178,178.24,2026-06-05 02:18:08.201703,47daa4fd
AAPL,BUY,120,439.85,2026-06-04 23:36:37.479484,afd2bcbd
ION,SELL,196,277.04,2026-06-05 05:54:36.859236,be32acae
MSFT,SELL,24,327.13,2026-06-05 08:15:49.811177,d0d1f8e9
MSFT,SELL,446,493.29,2026-06-05 04:16:36.004833,fec53b06
MSFT,SELL,391,89.85,2026-06-05 05:05:31.939159,1bfdd54a
MSFT,BUY,351,337.63,2026-06-05 07:54:16.249107,c0f4a24e
AAPL,SELL,379,267.95,2026-06-05 06:18:11.598001,53fe5dda
TSLA,SELL,363,197.27,2026-06-05 01:01:55.674176,f8b66ce5
ZS,BUY,135,478.24,2026-06-05 07:22:39.053621,485c9108
ZS,BUY,407,378.46,2026-06-04 21:32:00.448188,1d7ed9eb
ION,SELL,349,474.3,2026-06-05 12:49:54.735292,58b1a49a
ION,SELL,310,113.83,2026-06-04 18:05:36.727194,5b747779
ION,SELL,179,287.32,2026-06-05 14:44:35.142620,f06cab72
MSFT,SELL,133,250.7,2026-06-04 20:06:39.081588,f01da8bc
AAPL,BUY,227,313.63,2026-06-05 14:12:03.388966,43091118
ION,SELL,152,494.17,2026-06-05 09:01:46.443192,4aa5f9b1
AAPL,SELL,317,427.95,2026-06-05 05:57:32.723770,b6299d9a
ZS,SELL,250,428.39,2026-06-05 11:59:54.188472,87d6218e
MSFT,BUY,79,337.74,2026-06-05 07:10:36.464015,54f24873
ZS,SELL,37,186.69,2026-06-04 15:40:25.292279,b5baae8c
MSFT,BUY,331,164.93,2026-06-05 13:14:30.768557,0a0de66c
MSFT,BUY,275,75.37,2026-06-05 10:02:27.840130,09b8bec7
ZS,BUY,198,111.46,2026-06-05 06:44:14.413263,11ba9962
AAPL,BUY,262,110.14,2026-06-05 04:08:42.418491,1923e788
AAPL,SELL,166,226.97,2026-06-05 07:34:42.783494,bf105588
MSFT,BUY,359,64.17,2026-06-05 11:40:00.056246,a4f69f4d
TSLA,SELL,254,331.28,2026-06-04 19:48:42.135656,351acbc5
AAPL,BUY,142,287.67,2026-06-04 19:15:04.421689,08e1044f
MSFT,SELL,238,79.14,2026-06-04 22:09:41.334556,67eb1a5b
MSFT,BUY,162,161.68,2026-06-04 18:49:58.049767,861b94fe
ION,BUY,144,278.89,2026-06-05 10:25:53.862201,df31e175
TSLA,BUY,388,62.92,2026-06-05 01:23:00.789531,7cf76a0d
MSFT,BUY,30,416.17,2026-06-04 16:22:58.979002,55226d2d
TSLA,SELL,492,441.8,2026-06-04 20:32:43.874220,25f30085
ION,SELL,215,487.08,2026-06-05 06:46:04.825605,c3cbc0b6
TSLA,SELL,174,115.93,2026-06-04 19:18:47.669747,b3ce2f80
MSFT,BUY,451,362.46,2026-06-05 12:25:20.321345,d867caf1
MSFT,SELL,112,340.8,2026-06-05 02:22:51.126848,5ff2899b
AAPL,BUY,383,141.98,2026-06-05 02:06:08.271358,16ad9593
AAPL,SELL,72,248.38,2026-06-05 08:38:57.960474,d45bf75a
ZS,BUY,202,229.35,2026-06-05 14:07:10.374433,03c5e325
AAPL,BUY,195,130.12,2026-06-05 10:17:27.468542,50f83520
ZS,SELL,156,412.98,2026-06-04 22:01:46.177882,83d1b5a5
ION,BUY,384,415.49,2026-06-05 02:21:30.344477,5b2c3458
MSFT,SELL,375,155.98,2026-06-04 23:57:29.800980,9cb3c5ec
ZS,SELL,345,257.94,2026-06-04 21:51:23.273840,a24d512d
MSFT,BUY,72,327.05,2026-06-05 03:59:07.206116,4588a878
ION,SELL,80,445.0,2026-06-04 21:00:32.090363,78066618
AAPL,SELL,27,376.83,2026-06-05 01:23:24.709294,d2357ea1
AAPL,BUY,308,220.78,2026-06-04 16:28:29.114707,3d94dee6
AAPL,SELL,128,416.8,2026-06-05 08:17:56.922821,3c733f91
MSFT,SELL,271,58.38,2026-06-04 15:15:42.750480,3cf9364e
ION,SELL,414,471.63,2026-06-05 10:15:49.324685,0f677dcb
ZS,BUY,304,190.57,2026-06-05 11:55:57.985537,6f0c25a4
ZS,BUY,412,222.49,2026-06-05 14:19:31.858515,3584bb3a
ION,SELL,337,137.43,2026-06-05 03:28:04.311244,1a429863
TSLA,BUY,195,294.59,2026-06-05 07:22:22.417960,ae70b4e2
ION,SELL,355,136.2,2026-06-04 16:05:34.121504,4335cce0
TSLA,SELL,137,393.61,2026-06-05 05:26:42.160303,99c87eaa
TSLA,SELL,346,252.46,2026-06-04 19:37:34.532240,becae403
TSLA,SELL,130,72.23,2026-06-04 21:48:51.294459,f96f0021
ZS,SELL,173,196.76,2026-06-05 11:12:08.038480,2c8d083f
MSFT,SELL,465,373.2,2026-06-05 11:11:48.186360,4c56b759
AAPL,BUY,95,65.86,2026-06-04 20:20:46.215834,968f884a
AAPL,SELL,147,283.82,2026-06-05 06:20:22.494258,bb99c783
AAPL,SELL,78,484.87,2026-06-04 19:09:16.875217,a23d38c9
AAPL,SELL,337,460.98,2026-06-05 01:45:13.641276,bb47e619
AAPL,BUY,493,355.94,2026-06-05 11:13:34.427955,b17c7a70
ION,SELL,368,366.26,2026-06-04 22:34:17.018512,2e4e0e34
ZS,BUY,229,465.48,2026-06-05 04:26:11.888779,1d3cb550
ION,SELL,481,312.3,2026-06-05 14:20:26.791513,ef599dda
AAPL,BUY,354,339.23,2026-06-05 11:49:29.300264,334bedcc
MSFT,SELL,67,251.8,2026-06-05 10:21:26.970634,591cc740
TSLA,SELL,347,347.78,2026-06-04 23:04:31.733487,8475cc7b
TSLA,BUY,36,428.44,2026-06-04 23:51:47.056919,8cf71bee
AAPL,SELL,267,57.84,2026-06-05 05:53:25.103459,4a0b3008
ION,SELL,36,136.14,2026-06-04 22:56:11.148217,e8745c9f
AAPL,SELL,313,479.49,2026-06-04 21:13:21.237633,297b1522
MSFT,BUY,165,378.5,2026-06-04 17:25:17.153733,a506e0e9
AAPL,SELL,495,480.02,2026-06-05 03:55:02.799377,0af5f76d
AAPL,SELL,339,432.09,2026-06-04 23:02:54.224701,35f361db
ION,BUY,134,413.58,2026-06-05 03:22:06.401012,cf0988b0
ION,BUY,445,442.21,2026-06-05 00:02:16.916337,a4c36861
ZS,BUY,97,185.73,2026-06-04 21:59:13.953847,66c34791
TSLA,BUY,359,118.01,2026-06-04 15:28:21.060432,46fb134a
AAPL,BUY,273,119.79,2026-06-05 13:13:20.563268,fb0f7a62
ZS,SELL,208,349.87,2026-06-05 09:42:21.916565,c2d65220
MSFT,BUY,333,93.97,2026-06-05 11:52:49.857111,34c5992f
ION,BUY,466,228.55,2026-06-04 22:03:03.710495,c0b26a4b
MSFT,BUY,190,440.45,2026-06-04 19:33:51.826899,79fc6b32
MSFT,SELL,457,339.18,2026-06-05 11:52:20.718446,9f3c8c63
ZS,BUY,257,328.58,2026-06-04 15:56:12.381141,eb15a7d4
TSLA,SELL,335,129.13,2026-06-05 04:05:59.520337,bb17eefb
ION,BUY,470,68.75,2026-06-05 01:17:34.272549,77b1621a
TSLA,SELL,415,232.47,2026-06-04 18:53:05.919879,7e062bad
MSFT,SELL,71,257.41,2026-06-04 16:39:29.554637,95bf8b94
AAPL,BUY,361,208.44,2026-06-05 04:13:31.823300,08817c3c
ION,BUY,449,280.55,2026-06-05 11:21:59.307356,0602e0b4
TSLA,SELL,269,488.0,2026-06-05 09:11:39.041621,df05b8bd
TSLA,SELL,442,334.45,2026-06-04 18:51:45.162968,454415fd
ION,BUY,130,424.89,2026-06-05 10:40:07.515492,0e3ee3da
ION,BUY,164,395.54,2026-06-05 06:12:09.399058,3d1ee0b7
ZS,BUY,467,213.66,2026-06-04 18:39:57.307629,e98ebaf7
ZS,SELL,310,263.54,2026-06-05 06:31:08.144997,75774e3f
TSLA,BUY,285,279.01,2026-06-04 18:50:25.742062,612de327
ION,SELL,108,222.4,2026-06-05 11:13:09.216538,3df5f80d
TSLA,BUY,154,147.39,2026-06-04 20:41:38.897618,a6eea5af
AAPL,BUY,311,118.6,2026-06-04 16:34:18.828134,f4b3d94b
AAPL,SELL,18,63.38,2026-06-04 15:06:28.304303,ce18fef2
ION,BUY,108,263.46,2026-06-05 12:49:53.370146,89226d00
AAPL,BUY,370,351.66,2026-06-05 10:09:32.838162,423e4141
AAPL,SELL,489,449.99,2026-06-05 00:52:11.024454,2a62a0d7
AAPL,BUY,252,409.5,2026-06-05 13:27:31.978273,84c76001
MSFT,BUY,391,361.13,2026-06-05 02:17:05.222018,3dbb92fa
AAPL,SELL,31,243.39,2026-06-04 16:59:02.891000,4bcc4059
ION,BUY,492,402.88,2026-06-04 20:06:30.946823,c16be7bb
TSLA,BUY,399,336.39,2026-06-04 18:29:17.270804,16b59793
ZS,SELL,12,287.68,2026-06-04 16:05:11.092931,8c6741aa
TSLA,BUY,277,478.27,2026-06-05 12:39:51.613474,441ae5eb
MSFT,SELL,445,64.32,2026-06-05 11:53:58.475464,1f1f79d4
ZS,BUY,349,453.68,2026-06-04 17:19:30.260896,cc4e3b7c
AAPL,SELL,394,433.93,2026-06-04 14:59:14.076101,3e0fb1d6
ION,BUY,18,319.69,2026-06-05 14:20:58.834380,64914594
ZS,BUY,461,176.63,2026-06-05 13:48:08.627602,54edd651
TSLA,BUY,222,294.67,2026-06-05 11:42:34.754900,28e86ecf
ZS,SELL,214,296.26,2026-06-04 15:57:28.711692,9a699088
AAPL,BUY,399,483.87,2026-06-05 01:55:14.662864,d4ddde91
MSFT,BUY,142,288.19,2026-06-04 20:45:02.025190,3dfbfa00
AAPL,BUY,48,340.9,2026-06-04 14:55:28.495211,534766ff
TSLA,SELL,347,399.07,2026-06-04 16:24:29.686380,456ddb49
ZS,SELL,227,124.33,2026-06-04 16:12:38.075389,10dd2676
ZS,BUY,211,273.06,2026-06-04 20:19:19.934122,3d5d2eda
AAPL,BUY,71,212.59,2026-06-05 00:30:18.265025,7584acb1
MSFT,BUY,398,56.83,2026-06-04 15:53:10.616164,86aaa4b4
ZS,BUY,184,172.03,2026-06-04 19:00:33.014531,b15724a0
AAPL,BUY,75,119.79,2026-06-05 00:31:57.662656,3123e96c
TSLA,SELL,417,398.16,2026-06-05 02:50:02.511416,896fa15c
MSFT,BUY,293,367.28,2026-06-05 11:47:24.616410,d1450723
TSLA,SELL,106,478.77,2026-06-04 18:03:29.164775,5af294dc
ION,BUY,229,60.22,2026-06-05 14:00:32.895001,fd252829
ZS,SELL,397,449.19,2026-06-04 20:25:49.133672,bbeff2d7
ION,BUY,136,389.88,2026-06-05 03:45:35.210712,29e96b80
ION,BUY,13,52.28,2026-06-04 20:38:57.182986,8399eb0c
AAPL,BUY,240,373.26,2026-06-04 19:57:01.187403,d415bea1
TSLA,BUY,192,357.6,2026-06-05 06:12:07.886817,57132487
ION,SELL,94,338.86,2026-06-04 20:35:34.419610,235ffe1f
ION,BUY,495,498.63,2026-06-05 07:19:33.791417,1d44d190
TSLA,SELL,459,353.92,2026-06-05 05:05:30.762499,86b1a302
MSFT,SELL,406,394.56,2026-06-05 11:28:28.255068,1a7abc27
ION,SELL,67,145.31,2026-06-05 13:04:33.767284,3d1410d3
AAPL,SELL,39,480.75,2026-06-05 05:26:14.620479,094e468c
ZS,BUY,321,81.68,2026-06-04 21:05:01.143368,e96e5662
AAPL,BUY,429,400.67,2026-06-05 11:42:32.809101,9ea78b7a
TSLA,SELL,221,160.57,2026-06-05 09:51:53.438285,bc770bdb
ZS,BUY,299,74.83,2026-06-05 01:06:46.212161,db3c2257
TSLA,SELL,102,337.13,2026-06-05 10:55:37.952732,beaa3548
ION,SELL,344,208.98,2026-06-05 09:40:05.903398,517778ed
AAPL,BUY,478,372.12,2026-06-05 12:25:08.622283,a008d029
AAPL,BUY,394,145.7,2026-06-05 01:12:15.310665,bc90f600
ZS,SELL,245,216.17,2026-06-05 05:39:21.548085,112ac3a2
ZS,SELL,451,483.75,2026-06-04 17:48:05.191992,b8f12f7b
MSFT,BUY,261,338.96,2026-06-05 05:38:28.636308,4e53f54a
ION,SELL,304,330.27,2026-06-05 02:53:35.839442,eac9ebe3
ION,BUY,434,413.99,2026-06-05 07:11:55.308349,6b5a883a
MSFT,SELL,75,213.11,2026-06-04 19:20:00.612478,5315adb2
TSLA,BUY,238,432.48,2026-06-05 13:16:53.201650,1ee7c7e5
MSFT,SELL,391,99.57,2026-06-05 05:58:38.959836,cec17347
MSFT,BUY,411,63.26,2026-06-04 22:59:02.961599,c6a2ab87
MSFT,BUY,279,114.23,2026-06-05 02:47:38.690274,b6e490a4
AAPL,SELL,400,120.11,2026-06-04 19:55:01.286113,c7bd316d
ZS,BUY,190,276.76,2026-06-04 23:17:07.911143,c1cbc6e2
AAPL,SELL,42,282.27,2026-06-05 04:36:58.887918,0cdce161
MSFT,SELL,419,435.81,2026-06-05 11:16:45.609002,a800258d
TSLA,BUY,98,364.31,2026-06-05 12:35:58.144011,5f09f40a
TSLA,BUY,455,163.5,2026-06-05 08:50:48.105561,2dcd6293
ZS,SELL,329,197.08,2026-06-05 01:09:46.591326,86d9b051
AAPL,BUY,356,432.04,2026-06-04 14:55:47.708831,5f6e77b8
MSFT,BUY,471,318.21,2026-06-04 16:48:06.541878,f6322c01
MSFT,BUY,269,96.73,2026-06-05 00:14:02.136417,5ddac904
MSFT,SELL,459,309.5,2026-06-04 21:06:14.946268,4b180817
ZS,SELL,237,454.62,2026-06-04 16:23:48.839375,63c18ba0
ZS,SELL,382,222.75,2026-06-05 03:19:24.205025,9d2e3832
ION,BUY,374,343.92,2026-06-04 17:21:15.854275,9a85d1cf
TSLA,SELL,364,249.15,2026-06-04 23:23:06.053232,bc8ca058
ZS,SELL,165,395.5,2026-06-05 14:22:46.921312,c12b2382
ION,SELL,89,484.78,2026-06-05 10:30:42.120338,95049efa
MSFT,SELL,476,277.69,2026-06-04 20:12:20.770065,e9250c1b
MSFT,SELL,282,90.16,2026-06-05 10:30:26.999373,b69510da
TSLA,BUY,324,217.87,2026-06-04 17:15:52.220697,e446a203
TSLA,SELL,41,277.93,2026-06-05 00:35:53.280187,98480ef2
MSFT,BUY,453,179.99,2026-06-04 16:59:17.175905,b9c7f72c
AAPL,SELL,11,499.55,2026-06-04 16:25:30.376661,4c1c7ca7
ION,SELL,154,128.53,2026-06-05 12:10:06.639809,f9f629c9
AAPL,BUY,77,77.42,2026-06-05 10:51:15.331998,0c17c4a1
MSFT,BUY,282,136.94,2026-06-05 12:21:52.853634,7237d38c
AAPL,SELL,276,271.41,2026-06-05 07:58:57.487256,47a8d70a
TSLA,SELL,409,394.87,2026-06-05 13:33:02.393294,7b0d23d0
ION,BUY,387,67.27,2026-06-04 16:43:16.223557,753cb357
MSFT,SELL,254,169.98,2026-06-04 22:35:27.499271,0a7607b3
ION,BUY,331,252.91,2026-06-04 23:59:49.062984,126a7801
AAPL,BUY,78,127.58,2026-06-05 00:26:38.714291,cf100a43
TSLA,SELL,239,428.09,2026-06-05 00:52:07.458603,1f3267b2
ION,BUY,431,107.94,2026-06-04 16:49:16.208435,703d851c
MSFT,BUY,376,352.09,2026-06-05 13:33:59.400174,ee9e08be
ION,SELL,387,188.81,2026-06-04 19:26:26.837344,7ec8f4cb
ION,BUY,349,265.05,2026-06-04 15:15:48.432637,64c756a1
AAPL,SELL,220,429.85,2026-06-04 22:28:27.895868,7506aad2
ZS,SELL,63,291.03,2026-06-05 10:00:06.807205,78773b53
ION,SELL,32,222.22,2026-06-05 14:07:58.597661,d65c9f31
TSLA,SELL,165,278.08,2026-06-05 12:20:14.109939,26d6f64c
ZS,BUY,255,246.5,2026-06-04 21:10:37.381484,9f37feaf
ION,BUY,452,268.46,2026-06-04 18:43:45.683544,2f36d897
MSFT,SELL,435,160.48,2026-06-05 14:37:54.288030,0530e6da
ION,SELL,89,444.86,2026-06-04 15:47:56.358130,cb749d89
AAPL,BUY,127,463.46,2026-06-05 12:37:40.425501,d8cd26bd
AAPL,BUY,487,304.83,2026-06-05 06:27:18.422393,0acb2b9a
TSLA,BUY,303,383.67,2026-06-04 22:16:51.716556,bccb76b7
ZS,BUY,454,441.84,2026-06-04 22:47:34.559537,98d64a0a
ION,SELL,108,436.05,2026-06-05 00:29:13.669582,613ad3ad
ZS,BUY,393,332.81,2026-06-04 15:05:18.134688,5b3276ac
MSFT,SELL,52,320.25,2026-06-05 03:48:41.399611,52939975
TSLA,BUY,265,428.41,2026-06-04 19:49:56.229236,70743d4a
ZS,SELL,424,169.96,2026-06-05 10:01:11.178905,6b5af295
ZS,SELL,412,160.12,2026-06-05 03:31:13.274801,4bafddb2
MSFT,BUY,362,366.55,2026-06-05 12:22:36.019949,02f2e25e
AAPL,SELL,214,255.74,2026-06-05 09:04:16.092643,177e68df
ZS,SELL,128,231.26,2026-06-04 15:48:59.996410,4dca9496
AAPL,BUY,395,184.71,2026-06-05 14:29:35.601440,2d842c8d
MSFT,SELL,203,464.09,2026-06-05 08:40:15.407835,dfcdfece
ZS,BUY,466,93.64,2026-06-05 07:47:39.069487,b6abb3d2
AAPL,SELL,437,489.12,2026-06-05 10:42:43.534020,75ad58aa
AAPL,BUY,419,407.99,2026-06-05 10:28:09.388110,5c393f8f
ZS,BUY,293,366.85,2026-06-04 18:06:40.824944,063b00bf
ION,BUY,416,486.17,2026-06-04 18:57:49.513529,80175f2d
TSLA,BUY,471,223.03,2026-06-05 05:35:34.108264,fb48110b
TSLA,BUY,496,131.96,2026-06-04 23:39:43.364328,d8dbe010
MSFT,BUY,148,497.49,2026-06-05 13:54:12.173707,5629ee8c
ZS,SELL,164,131.49,2026-06-05 12:08:38.778524,0dbb9371
ION,BUY,177,455.26,2026-06-05 00:40:53.712784,e7b70760
ION,BUY,252,153.85,2026-06-05 04:45:25.493647,68f9e691
TSLA,SELL,169,319.68,2026-06-05 02:13:13.681462,2a513c56
TSLA,BUY,343,402.46,2026-06-04 19:21:25.975987,ef4b418e
ION,BUY,175,344.29,2026-06-05 00:21:23.659269,9a185227
AAPL,SELL,67,396.71,2026-06-04 20:27:31.520117,9f50ed13
ZS,SELL,426,138.78,2026-06-05 00:00:32.534443,313ebac8
TSLA,BUY,378,445.99,2026-06-05 11:01:33.952639,4a8e4ad0
AAPL,BUY,35,270.52,2026-06-05 08:02:17.226072,ca68776f
AAPL,BUY,261,191.88,2026-06-05 05:25:22.599858,4c0a1d79
ION,BUY,61,488.31,2026-06-05 10:59:06.522606,85c96e83
TSLA,BUY,410,96.4,2026-06-05 09:50:23.478565,9e82c3b0
AAPL,SELL,291,263.64,2026-06-05 14:16:15.062681,4e33c0c0
ZS,BUY,248,141.5,2026-06-05 10:34:49.879711,2fcea92c
TSLA,BUY,354,226.7,2026-06-05 05:57:32.062003,bcd6c33a
ZS,BUY,73,431.82,2026-06-04 19:00:13.164791,a55d5fa0
ION,SELL,64,485.78,2026-06-05 08:01:45.687719,b97d50eb
MSFT,SELL,251,263.3,2026-06-04 18:02:14.031144,392ad717
MSFT,BUY,229,406.65,2026-06-04 19:49:21.195966,a5c94ce2
AAPL,BUY,273,445.77,2026-06-04 15:45:09.639135,cef60ed4
TSLA,SELL,450,85.48,2026-06-05 08:21:07.045136,3d126b4d
ZS,SELL,247,306.43,2026-06-05 11:52:15.484339,549016cf
TSLA,BUY,312,202.08,2026-06-05 07:34:01.450756,4a582876
ION,SELL,354,141.32,2026-06-04 15:36:35.456639,5070a78b
AAPL,SELL,244,122.58,2026-06-05 12:13:28.616169,744315e7
MSFT,BUY,314,166.43,2026-06-05 00:42:44.485757,b8007ffa
ZS,BUY,456,375.74,2026-06-05 10:54:46.251038,63ec7e93
AAPL,BUY,387,472.09,2026-06-04 18:36:49.324532,9a47d738
AAPL,BUY,56,286.36,2026-06-05 01:22:02.747578,123f5186
ZS,SELL,99,285.88,2026-06-05 14:30:19.862835,81a21c4c
TSLA,BUY,185,62.49,2026-06-05 01:52:59.847706,15fa4769
AAPL,SELL,118,155.7,2026-06-04 20:51:34.170212,65ba14cc
TSLA,BUY,283,242.9,2026-06-05 05:39:05.997239,eaacc867
TSLA,SELL,66,87.68,2026-06-05 04:00:48.099789,65f50148
ION,BUY,469,342.95,2026-06-05 13:11:29.666487,6020ea13
ZS,BUY,122,185.63,2026-06-05 05:03:23.910247,a9605aee
TSLA,SELL,157,292.22,2026-06-05 11:13:37.317997,6bbac178
ION,SELL,155,461.13,2026-06-04 18:10:11.509902,3b7ecafe
AAPL,SELL,88,139.21,2026-06-04 23:28:47.093898,937f57cc
MSFT,SELL,196,69.49,2026-06-05 10:42:23.073238,51177439
ION,BUY,239,173.43,2026-06-04 23:28:15.015921,fb703828
MSFT,SELL,485,443.39,2026-06-05 04:38:17.862069,fe54cdfd
ION,SELL,41,368.42,2026-06-04 22:47:42.439665,892b4ff5
ZS,SELL,328,51.75,2026-06-05 05:09:25.592415,1f43b025
AAPL,SELL,183,368.85,2026-06-05 02:10:52.164849,578c50e4
AAPL,BUY,394,427.2,2026-06-04 23:48:20.197079,b5fad77a
TSLA,SELL,222,437.76,2026-06-05 01:54:26.611619,a25bc86a
TSLA,SELL,237,378.41,2026-06-05 09:36:03.985644,caf89642
ION,SELL,322,81.07,2026-06-04 16:02:16.964981,ce4a84a0
ZS,BUY,157,249.55,2026-06-05 12:15:12.064991,037a1415
ION,BUY,93,170.07,2026-06-04 17:38:50.333910,9ceb8101
MSFT,SELL,53,464.96,2026-06-05 07:44:50.346735,cc763522
AAPL,SELL,143,326.77,2026-06-05 05:44:15.956071,9f21b5d3
ZS,SELL,467,128.23,2026-06-05 12:39:56.687307,bd093def
TSLA,SELL,434,92.15,2026-06-05 08:37:41.318594,c883b7b4
ION,SELL,205,203.96,2026-06-05 03:01:20.436057,10678ead
ION,BUY,58,352.71,2026-06-05 06:21:00.807429,c84fc256
TSLA,SELL,36,304.81,2026-06-04 16:22:50.110029,e02937ef
MSFT,SELL,105,92.72,2026-06-05 04:14:58.281491,84fda137
ION,BUY,148,133.31,2026-06-05 09:20:13.164401,afbcd694
MSFT,BUY,148,266.28,2026-06-05 02:11:39.448157,81844fb7
ZS,SELL,356,72.28,2026-06-05 14:17:10.747210,7914f706
ION,SELL,215,307.04,2026-06-04 22:02:54.302230,30745431
ION,SELL,136,118.44,2026-06-05 14:33:53.286181,c0337090
AAPL,SELL,123,196.36,2026-06-05 08:11:09.184275,10ad7070
MSFT,BUY,123,272.15,2026-06-05 10:04:17.247520,458b439d
MSFT,SELL,185,282.18,2026-06-05 08:10:15.976573,1042f6aa
AAPL,BUY,38,67.21,2026-06-05 08:21:56.948471,adea764b
ZS,SELL,351,209.0,2026-06-05 09:47:58.629286,8889fadd
ZS,SELL,485,469.09,2026-06-05 10:59:13.234937,aa70850f
ION,SELL,77,463.36,2026-06-04 14:57:01.608614,ce135800
AAPL,SELL,89,65.67,2026-06-04 16:16:55.381633,28a7e853
ION,SELL,290,435.27,2026-06-05 00:57:49.656733,887e141b
AAPL,BUY,197,405.78,2026-06-04 23:01:47.822569,fa656170
AAPL,BUY,146,97.75,2026-06-05 08:55:38.084690,f2dea8b2
TSLA,SELL,476,198.54,2026-06-04 18:04:00.178957,14db2fd1
ION,BUY,299,354.26,2026-06-05 01:00:51.563759,1a405e71
AAPL,BUY,371,318.58,2026-06-05 00:10:35.504993,e1caa66f
TSLA,BUY,255,292.13,2026-06-04 19:46:43.448533,c4648281
ION,BUY,420,117.24,2026-06-04 23:33:17.247928,78119540
AAPL,SELL,393,177.68,2026-06-04 16:56:27.607377,3de0c470
TSLA,SELL,431,308.0,2026-06-04 17:39:32.451933,21f0a082
ION,SELL,370,166.74,2026-06-04 21:57:46.881660,04dbf2a6
MSFT,BUY,209,315.53,2026-06-05 12:23:12.400543,c6a70e1c
ZS,BUY,48,447.66,2026-06-05 09:21:15.625655,2285e99e
ZS,BUY,354,456.31,2026-06-05 01:25:06.075975,996e2ed3
ION,SELL,444,313.51,2026-06-05 04:39:22.612828,f5bbc452
ZS,BUY,58,460.52,2026-06-04 17:17:29.442193,09234573
TSLA,BUY,348,138.07,2026-06-05 07:29:06.429514,3efdab2c
ION,SELL,344,190.26,2026-06-05 00:37:59.967564,b8911487
ZS,SELL,249,300.81,2026-06-04 15:54:53.233289,055536fd
MSFT,BUY,418,234.25,2026-06-04 23:19:38.058781,89351b97
ION,BUY,415,141.23,2026-06-04 23:37:42.299900,e51596b2
TSLA,SELL,419,320.53,2026-06-04 19:19:24.740517,7bc381d1
MSFT,BUY,290,394.33,2026-06-05 12:25:37.077540,7336bcf6
ZS,SELL,30,62.66,2026-06-05 13:59:11.867888,f697a183
AAPL,BUY,52,224.43,2026-06-05 14:29:51.978014,0ce0a458
AAPL,SELL,369,225.04,2026-06-05 04:27:37.101363,3df08fbd
AAPL,BUY,451,274.58,2026-06-05 06:25:48.127646,a3c868d2
AAPL,SELL,52,170.97,2026-06-04 23:14:55.865499,f069afc5
MSFT,SELL,323,103.95,2026-06-05 06:47:01.494521,1af4c523
MSFT,SELL,66,478.97,2026-06-04 21:56:25.430226,cc45ef48
MSFT,BUY,28,137.15,2026-06-04 23:52:23.436270,72521e3c
MSFT,SELL,437,492.58,2026-06-05 02:19:52.396474,3d89efb3
ION,BUY,426,408.74,2026-06-05 05:36:02.816396,c97e93c6
ION,SELL,267,135.32,2026-06-05 10:47:00.461666,92e0e918
AAPL,SELL,37,102.71,2026-06-05 11:13:36.077156,faf1459b
TSLA,SELL,318,494.57,2026-06-05 13:14:16.934512,b0ab00df
ZS,BUY,451,432.79,2026-06-04 23:35:50.907032,d4fc3ba0
ION,SELL,325,433.48,2026-06-04 16:17:36.926568,aef1b288
ZS,BUY,393,264.45,2026-06-05 13:07:49.412851,4288c9a6
AAPL,BUY,259,129.32,2026-06-05 13:46:34.232501,8fd3bff4
ZS,BUY,493,159.67,2026-06-05 04:18:36.610255,97badcbb
AAPL,BUY,80,229.61,2026-06-05 03:14:10.949535,68035c28
AAPL,BUY,279,207.39,2026-06-05 09:07:52.725088,a05fbf13
ZS,BUY,222,169.06,2026-06-04 17:02:44.141532,dc0095b7
ZS,SELL,12,175.89,2026-06-05 08:12:44.962346,5e6920fc
MSFT,BUY,279,105.17,2026-06-05 01:37:47.491421,c7f198de
AAPL,SELL,232,237.73,2026-06-04 20:18:18.435296,39093280
AAPL,BUY,225,393.28,2026-06-04 18:32:35.683576,5f0760f2
AAPL,SELL,161,284.68,2026-06-05 08:00:23.426935,14429dde
MSFT,BUY,48,337.87,2026-06-05 04:11:36.362553,44dde372
ION,SELL,435,189.96,2026-06-04 20:05:04.139726,dd678ebd
MSFT,BUY,396,237.96,2026-06-05 09:30:12.916949,87f50f32
TSLA,BUY,451,90.77,2026-06-05 13:34:11.524773,c3d49ca6
TSLA,SELL,314,210.94,2026-06-05 05:20:03.119348,e7f7f1dc
AAPL,BUY,124,468.24,2026-06-04 18:25:07.919530,59f145fd
AAPL,BUY,204,69.44,2026-06-04 14:59:45.449766,ba2a501e
TSLA,BUY,220,451.01,2026-06-05 10:54:06.896433,fa27ac21
ZS,SELL,91,151.83,2026-06-05 07:44:44.865513,068d48f0
AAPL,BUY,291,358.31,2026-06-04 22:29:48.461637,c8fc4198
AAPL,BUY,328,144.69,2026-06-05 13:36:23.217838,e7edc313
ION,SELL,204,66.62,2026-06-05 10:44:15.782694,a48bb278
TSLA,BUY,61,382.02,2026-06-05 03:50:30.650424,e509250b
MSFT,SELL,112,270.53,2026-06-05 03:08:46.690042,31916213
ZS,SELL,365,342.99,2026-06-05 02:10:25.847169,854f8579
MSFT,SELL,101,194.32,2026-06-05 09:24:35.498906,1b24243e
TSLA,SELL,167,300.23,2026-06-04 22:38:19.620498,5c7fa829
ZS,SELL,136,493.09,2026-06-05 08:35:05.886420,2f80ff17
TSLA,BUY,441,432.13,2026-06-05 14:16:21.346359,d494e7f3
ZS,BUY,285,238.02,2026-06-05 13:35:26.012320,edfa801f
MSFT,BUY,329,352.44,2026-06-04 23:29:37.086861,f47d5adc
TSLA,BUY,496,189.35,2026-06-05 01:50:34.349441,6b37d6da
ION,SELL,201,417.36,2026-06-04 17:33:57.057814,6f7b9e02
MSFT,SELL,371,101.63,2026-06-05 10:04:59.399344,0cdc1801
ION,SELL,123,302.33,2026-06-05 03:11:54.942437,35efc3bd
ZS,BUY,427,486.13,2026-06-04 16:48:27.882838,68b6e266
TSLA,SELL,79,183.58,2026-06-04 16:04:10.654997,09bb5863
ZS,SELL,385,81.76,2026-06-04 20:44:48.550940,3ced4b6f
ZS,SELL,199,476.52,2026-06-05 10:16:50.212250,3c7f01be
MSFT,SELL,448,204.58,2026-06-04 18:37:46.870711,ecb4b0e6
MSFT,SELL,419,106.38,2026-06-05 03:01:02.071048,40aec502
AAPL,BUY,440,486.97,2026-06-04 19:18:50.118676,f212145c
ZS,BUY,198,369.49,2026-06-04 16:49:40.445935,6f8872c7
ION,SELL,245,96.27,2026-06-05 04:31:26.954504,a40799d1
AAPL,BUY,208,355.23,2026-06-04 21:45:52.829315,7f4d68ee
ZS,BUY,50,484.02,2026-06-05 10:03:31.978497,ac7761be
TSLA,SELL,401,315.99,2026-06-04 16:25:42.290015,27052f33
AAPL,BUY,263,146.24,2026-06-05 11:25:46.101528,3a40f9e7
ZS,BUY,150,437.55,2026-06-05 05:35:11.478537,863f6218
TSLA,SELL,277,375.22,2026-06-05 10:31:32.088765,67720076
AAPL,BUY,23,253.58,2026-06-04 23:28:52.142117,b3e2710b
ZS,BUY,69,412.08,2026-06-04 21:29:40.548497,1c5624da
TSLA,BUY,380,316.78,2026-06-05 01:35:29.346820,4580a7d6
ZS,BUY,63,188.11,2026-06-04 21:27:27.609436,ba4d63fa
TSLA,SELL,128,121.17,2026-06-05 02:29:58.860377,e4a61dae
ZS,SELL,16,466.13,2026-06-05 10:03:45.959131,66e807bf
MSFT,SELL,207,221.49,2026-06-05 02:01:50.781973,40a13281
ION,SELL,10,167.57,2026-06-05 08:02:30.856761,0901c883
ION,BUY,134,381.58,2026-06-05 01:33:50.995842,a050c473
ZS,BUY,130,59.42,2026-06-04 15:03:46.178587,7b9a2526
TSLA,BUY,244,216.63,2026-06-04 17:29:53.027247,c0427bc4
ZS,SELL,341,71.6,2026-06-05 13:02:41.843805,47882a22
MSFT,SELL,163,338.96,2026-06-05 14:22:38.317760,c080a1bd
MSFT,BUY,358,118.22,2026-06-05 06:13:57.651281,54f4fae8
ION,SELL,151,419.01,2026-06-04 15:37:19.838690,a47657ad
TSLA,SELL,85,243.84,2026-06-04 22:00:13.621923,e4d5492b
ZS,BUY,292,350.04,2026-06-04 19:25:10.200028,f4a0518e
ION,SELL,500,260.83,2026-06-04 17:36:22.400603,38dca332
ZS,BUY,358,481.88,2026-06-04 20:32:34.860352,bb5e19f8
ZS,SELL,474,133.7,2026-06-05 02:08:00.281812,87cd8c76
AAPL,SELL,173,179.64,2026-06-05 02:29:10.398334,669c4cd1
ZS,BUY,77,241.33,2026-06-05 05:32:30.375788,e12ab5e9
AAPL,SELL,432,273.36,2026-06-04 19:23:12.798484,34897cad
ION,SELL,203,107.12,2026-06-05 02:32:07.569489,9e38788f
ZS,BUY,133,77.67,2026-06-05 09:16:31.597516,dee792be
AAPL,BUY,230,115.57,2026-06-05 03:36:48.992019,6279afc7
ZS,BUY,19,270.41,2026-06-05 14:13:43.957206,07720f9d
MSFT,SELL,84,458.18,2026-06-04 18:39:25.452292,75971c64
AAPL,BUY,213,240.89,2026-06-04 15:48:44.509505,b57ecdb1
ION,BUY,432,211.9,2026-06-05 11:41:54.158577,9d5bc762
ZS,BUY,102,58.25,2026-06-04 16:11:17.392609,a96b622f
ZS,SELL,364,190.25,2026-06-05 13:07:24.312498,15883c1b
ION,SELL,84,390.55,2026-06-04 23:48:40.467046,4db3e870
MSFT,SELL,387,56.41,2026-06-05 06:57:55.440138,95ae7f88
AAPL,SELL,449,87.15,2026-06-05 06:01:08.424454,0512abed
ZS,BUY,112,386.62,2026-06-05 04:20:30.507733,eee22ba3
MSFT,SELL,284,334.8,2026-06-05 12:11:47.230026,02a86be3
MSFT,BUY,37,105.57,2026-06-04 17:35:50.874481,b8cb7773
ION,SELL,131,336.03,2026-06-04 22:20:59.925791,0f491463
MSFT,SELL,399,377.59,2026-06-05 04:05:56.893501,38361458
ZS,SELL,479,485.54,2026-06-05 07:06:08.334472,7e1bf2ca
TSLA,BUY,421,156.51,2026-06-05 04:19:48.806099,18578095
AAPL,BUY,309,274.57,2026-06-05 10:25:18.421351,029896cf
ZS,BUY,435,321.63,2026-06-05 04:04:37.405473,b842e822
MSFT,SELL,178,171.27,2026-06-05 06:33:24.157376,06e74681
ZS,SELL,183,355.5,2026-06-05 02:04:06.319513,bb3c1191
ZS,BUY,466,95.89,2026-06-04 23:09:58.076302,c410bb1a
MSFT,BUY,287,60.37,2026-06-05 07:40:34.293545,54170b96
TSLA,BUY,55,195.98,2026-06-05 10:24:11.182569,5a9b58e6
AAPL,SELL,151,55.8,2026-06-05 06:59:20.909627,e52e7bed
TSLA,BUY,300,197.62,2026-06-05 04:04:50.062289,90421f2a
TSLA,BUY,45,140.19,2026-06-05 04:08:25.281581,cc703fd6
ZS,SELL,274,445.61,2026-06-05 04:19:44.015998,9459c0fa
AAPL,SELL,163,321.99,2026-06-05 12:59:20.696951,7eba1325
AAPL,SELL,151,59.1,2026-06-05 13:43:26.865193,7634a9b2
AAPL,BUY,72,452.93,2026-06-05 00:27:45.075715,9ab3be2f
TSLA,SELL,131,396.29,2026-06-05 08:30:37.967912,e6226ce1
MSFT,BUY,127,323.26,2026-06-04 19:09:28.301592,6d1e8e3e
MSFT,BUY,99,85.31,2026-06-05 00:40:29.600872,906eaac9
ZS,BUY,469,394.53,2026-06-05 01:31:13.894383,4aa8c6b1
ION,BUY,113,250.53,2026-06-04 20:21:24.713892,08969921
ZS,BUY,228,158.71,2026-06-05 05:07:05.038425,14c776f9
ION,SELL,312,432.47,2026-06-05 07:21:42.404755,0c520b5d
MSFT,BUY,376,446.95,2026-06-04 20:30:11.611822,ecb0b613
TSLA,BUY,268,273.96,2026-06-05 07:11:41.129962,ca50a9af
ION,BUY,234,423.93,2026-06-04 19:10:41.955840,bd7f61ff
ZS,BUY,464,483.56,2026-06-05 05:20:04.770359,495f8725
MSFT,SELL,143,51.96,2026-06-04 23:49:57.196616,91b89b89
AAPL,SELL,217,363.26,2026-06-05 05:28:01.327583,e7009cc9
MSFT,SELL,130,192.18,2026-06-05 08:56:30.273959,0ce29a37
ION,BUY,414,67.3,2026-06-05 05:24:32.319932,56f929a9
MSFT,BUY,347,384.26,2026-06-05 03:14:49.411259,61347419
AAPL,SELL,18,494.01,2026-06-05 11:57:32.653239,9ae32af7
ION,SELL,438,247.06,2026-06-05 11:15:39.504740,ba168a4a
TSLA,SELL,428,294.36,2026-06-05 08:29:22.145127,a91e7a7b
ION,SELL,152,60.82,2026-06-05 12:40:21.390128,67121ff9
ION,BUY,457,234.47,2026-06-05 08:58:26.811434,2c8bde88
AAPL,SELL,57,156.97,2026-06-04 23:13:02.825364,558e0652
ION,BUY,388,142.38,2026-06-05 09:06:56.341496,882f298a
AAPL,SELL,338,358.86,2026-06-04 18:10:24.028888,a5907149
ION,SELL,317,473.27,2026-06-04 17:24:32.944544,e80893b0
ZS,BUY,491,196.61,2026-06-04 22:57:44.941098,cbc8d0f6
AAPL,BUY,416,310.29,2026-06-05 05:07:37.568348,9fa4be88
MSFT,SELL,292,461.71,2026-06-04 15:20:18.703850,47b6068a
ION,BUY,267,84.11,2026-06-05 01:53:38.583867,56de4e3f
ZS,BUY,478,135.38,2026-06-05 12:43:39.444716,06a062e0
ZS,BUY,170,129.79,2026-06-04 18:04:43.663392,26da0546
ION,BUY,455,373.8,2026-06-05 04:09:15.396093,f65f1588
TSLA,SELL,351,66.88,2026-06-05 11:33:09.128347,cd1ac2d1
TSLA,BUY,494,76.81,2026-06-04 23:31:01.546626,2f2cec6d
TSLA,SELL,268,123.54,2026-06-05 11:14:21.248596,de69ccda
TSLA,BUY,110,221.45,2026-06-05 09:00:50.954766,7e18ac99
ION,SELL,264,172.68,2026-06-05 04:55:45.806266,682d55eb
AAPL,SELL,162,268.77,2026-06-05 04:28:42.374308,3d1995bd
TSLA,SELL,95,358.08,2026-06-05 04:22:48.157653,eb9aa8da
ION,BUY,473,263.6,2026-06-05 09:10:20.945497,21420458
ZS,BUY,150,205.15,2026-06-04 18:34:59.850600,61b65160
MSFT,SELL,261,327.93,2026-06-05 13:15:49.447005,1fb66d46
MSFT,BUY,62,190.29,2026-06-04 19:55:06.749785,c8ed0484
ION,BUY,342,102.77,2026-06-04 18:36:32.728276,5680b3a1
ION,BUY,409,125.16,2026-06-05 05:33:48.794128,b9259c35
ION,BUY,324,241.28,2026-06-05 03:08:59.514251,ad1c7dda
AAPL,BUY,456,184.21,2026-06-05 05:44:38.073390,fd267590
TSLA,BUY,448,137.39,2026-06-05 08:10:52.617346,43e9820c
AAPL,SELL,419,81.42,2026-06-04 18:09:48.025306,357e76f2
TSLA,SELL,138,417.39,2026-06-05 11:41:58.151576,16db4553
MSFT,SELL,129,239.03,2026-06-05 00:19:06.342117,0ccf4682
MSFT,BUY,333,281.81,2026-06-05 06:51:20.153118,541877a8
MSFT,BUY,160,380.46,2026-06-04 16:26:26.442685,d4ded6e6
AAPL,BUY,99,398.71,2026-06-04 16:16:19.667878,bbd0468e
AAPL,SELL,101,345.65,2026-06-04 22:51:20.680343,b2f99682
ZS,BUY,277,208.79,2026-06-05 14:48:45.224720,cfa104bd
AAPL,BUY,85,189.23,2026-06-04 22:23:06.957871,21beda9d
TSLA,SELL,161,330.28,2026-06-05 08:36:20.059650,64e92841
AAPL,BUY,13,274.21,2026-06-05 10:48:53.346848,f710aa9c
ION,SELL,25,285.68,2026-06-04 17:12:32.500719,caa2cfbf
AAPL,SELL,450,327.18,2026-06-05 06:21:43.245615,ccda375f
ION,BUY,103,371.32,2026-06-05 00:47:14.068975,62c81c3e
MSFT,BUY,405,331.36,2026-06-05 03:00:52.770253,b5548ed7
TSLA,BUY,22,150.43,2026-06-05 10:05:30.574088,2f5887a3
AAPL,SELL,54,285.21,2026-06-05 12:15:45.352847,e3f75f98
ZS,SELL,301,336.18,2026-06-05 14:32:14.729795,07a6de05
MSFT,BUY,426,134.59,2026-06-04 15:51:04.782189,e5087aa2
AAPL,SELL,339,479.17,2026-06-05 05:42:58.890066,9a5351c0
AAPL,SELL,31,182.59,2026-06-05 00:05:25.514121,44177977
MSFT,SELL,78,423.67,2026-06-05 11:23:07.975602,4999f798
ZS,BUY,495,499.4,2026-06-05 04:54:16.619551,4c12025a
TSLA,BUY,444,454.25,2026-06-04 19:32:37.151810,21f0bc34
MSFT,SELL,99,77.75,2026-06-05 04:41:00.117291,b385f5c6
MSFT,BUY,160,264.5,2026-06-05 06:40:14.259048,d0ca8416
ION,SELL,365,427.69,2026-06-05 09:12:28.746922,7a59fb98
MSFT,BUY,342,147.06,2026-06-05 02:50:31.882947,c5b9935a
MSFT,SELL,171,80.8,2026-06-05 04:57:22.314987,643cba19
TSLA,SELL,48,367.59,2026-06-05 04:48:53.121883,36bd6bb2
ZS,SELL,361,241.64,2026-06-04 21:54:30.877539,d9fd6783
ION,BUY,258,371.51,2026-06-05 08:45:34.119375,90799a57
AAPL,SELL,195,184.81,2026-06-05 02:03:49.373731,59dc9a78
ZS,BUY,220,462.09,2026-06-05 04:19:28.080511,97d87d4b
MSFT,BUY,329,282.76,2026-06-05 01:43:04.663028,00c6bba1
AAPL,SELL,250,243.91,2026-06-04 19:50:12.511466,da4d79ab
AAPL,SELL,29,311.47,2026-06-05 06:44:39.298110,24526873
TSLA,BUY,356,433.69,2026-06-05 05:21:37.270000,f08e0d72
AAPL,BUY,476,177.82,2026-06-05 14:27:51.309158,939691a8
ZS,SELL,96,452.81,2026-06-04 17:07:40.088911,9e554394
AAPL,SELL,248,214.09,2026-06-04 17:53:06.051927,3eb78f1e
ZS,SELL,245,467.76,2026-06-04 19:43:21.717627,7a61d5e1
AAPL,SELL,260,405.67,2026-06-05 03:16:39.387608,a32811f8
TSLA,SELL,289,281.99,2026-06-05 08:45:27.696741,f9cc07ca
ION,SELL,368,441.37,2026-06-05 02:00:03.128330,a1b406a6
AAPL,BUY,293,389.14,2026-06-04 23:43:30.235749,ea26383f
AAPL,SELL,121,94.83,2026-06-05 08:46:04.117575,fdfd5564
ZS,BUY,31,301.17,2026-06-04 20:59:50.362277,82b92aaa
MSFT,SELL,181,309.91,2026-06-04 19:33:30.226368,65d04b69
ION,BUY,404,206.76,2026-06-05 05:09:20.275396,53dffbea
ZS,BUY,33,173.29,2026-06-04 15:17:53.635375,c56e03dc
ZS,SELL,24,76.14,2026-06-05 08:23:36.260643,9f475612
ION,BUY,290,118.16,2026-06-05 02:15:59.786070,1249e210
MSFT,SELL,63,486.58,2026-06-04 20:11:45.593300,e6872bb2
ION,SELL,488,79.88,2026-06-05 02:15:41.165979,81b05188
ION,BUY,148,266.51,2026-06-05 07:08:28.079169,64acb5d2
TSLA,SELL,464,316.35,2026-06-05 08:23:12.359711,43acc9a6
MSFT,BUY,471,465.64,2026-06-05 13:20:50.716195,3598a991
TSLA,SELL,361,453.31,2026-06-05 00:35:22.349778,a16645a2
MSFT,BUY,186,405.27,2026-06-05 07:25:15.532064,81f0c56f
ZS,SELL,168,206.89,2026-06-04 19:06:23.986277,18e78a58
TSLA,BUY,216,355.81,2026-06-05 05:35:42.881059,4966eb3d
MSFT,SELL,124,353.69,2026-06-05 08:05:52.822922,4744f781
AAPL,BUY,249,405.01,2026-06-05 03:38:37.867618,b7bb616b
TSLA,SELL,292,180.35,2026-06-05 07:42:18.116286,0af0bf27
MSFT,BUY,289,426.97,2026-06-05 04:22:15.171613,2a4ab286
ION,BUY,188,464.8,2026-06-04 17:53:24.069418,ea1bbd82
ION,SELL,439,324.56,2026-06-05 01:06:51.048725,5203da84
MSFT,SELL,125,465.37,2026-06-05 09:24:13.174293,1763a0a7
ZS,BUY,24,55.87,2026-06-04 20:53:47.117340,5dda7cfb
MSFT,SELL,103,55.62,2026-06-05 11:22:51.767082,12d1108e
AAPL,BUY,265,139.75,2026-06-04 17:04:00.120741,d8b70b0e
ION,BUY,425,402.34,2026-06-05 09:25:02.288015,73a25bf6
ION,SELL,283,464.23,2026-06-05 03:14:07.857485,2f0a2b85
MSFT,BUY,193,171.99,2026-06-05 01:19:44.711874,e4c71649
MSFT,SELL,484,85.38,2026-06-04 16:24:10.720862,e4429489
TSLA,SELL,440,92.13,2026-06-05 06:30:02.008277,cd87b2eb
MSFT,BUY,348,211.57,2026-06-04 16:31:03.768365,c21c1a18
ION,SELL,216,261.87,2026-06-04 15:28:12.141927,3a86988f
AAPL,BUY,418,86.12,2026-06-05 02:37:59.173575,0fb76978
MSFT,SELL,224,468.43,2026-06-04 17:37:52.923409,9ae282d5
TSLA,BUY,432,239.27,2026-06-05 01:57:02.394118,81477240
TSLA,SELL,345,239.67,2026-06-05 04:25:51.155184,70cc8125
AAPL,SELL,266,69.42,2026-06-05 05:55:25.588176,62d3a226
ZS,BUY,35,98.19,2026-06-04 21:59:05.053492,93144aec
ION,BUY,418,446.6,2026-06-05 01:28:19.810457,2027bcc5
TSLA,BUY,497,415.03,2026-06-04 23:48:35.216974,e28522f8
ION,SELL,30,195.03,2026-06-04 22:20:07.507032,c47f03b4
AAPL,SELL,477,71.28,2026-06-05 02:14:37.790480,ff2f8bc8
AAPL,BUY,246,161.5,2026-06-05 00:14:43.454173,42b2d89e
AAPL,SELL,437,151.07,2026-06-04 14:53:26.968374,4e337b76
AAPL,SELL,234,413.21,2026-06-05 13:10:57.802526,20b6a163
ION,BUY,129,111.18,2026-06-04 19:39:20.222572,bea21d98
ZS,SELL,12,54.75,2026-06-05 14:41:28.170876,94d8b390
ZS,BUY,416,322.31,2026-06-05 12:39:28.588529,2bcc1ed7
TSLA,SELL,299,219.68,2026-06-04 20:38:30.707759,e096ab44
TSLA,SELL,269,109.35,2026-06-05 05:52:44.932371,01ca980e
AAPL,BUY,28,108.97,2026-06-05 11:08:48.932605,44dd4220
TSLA,BUY,479,302.85,2026-06-05 10:29:07.021891,6af106d8
TSLA,SELL,154,199.19,2026-06-05 09:03:57.334709,980d9900
TSLA,SELL,151,240.76,2026-06-05 13:35:48.357604,0fce6b4e
ION,BUY,249,398.55,2026-06-05 05:51:06.468886,a98315a9
ION,BUY,421,303.87,2026-06-04 22:59:07.770246,89069545
ZS,SELL,167,474.3,2026-06-04 21:53:59.911272,e173603b
ZS,SELL,176,249.48,2026-06-04 15:42:33.657080,bbb98994
MSFT,BUY,265,209.39,2026-06-05 04:53:03.225169,6eca5543
TSLA,SELL,431,405.18,2026-06-05 03:24:58.128693,a56501bf
TSLA,SELL,136,176.79,2026-06-05 03:21:50.163942,3f9a2329
MSFT,BUY,412,304.09,2026-06-05 02:51:24.337664,5e1e2903
ZS,BUY,15,258.97,2026-06-05 14:45:06.859259,27f3f225
ZS,SELL,442,197.2,2026-06-04 17:34:36.584100,01f0c1a1
AAPL,BUY,107,131.1,2026-06-04 18:51:29.172956,379bd7a6
TSLA,BUY,60,135.69,2026-06-04 19:11:27.790399,c8ae8a9e
AAPL,SELL,156,428.62,2026-06-04 17:57:15.035067,a74c6d4e
ZS,SELL,334,353.0,2026-06-05 03:03:20.127399,8609e34c
ZS,SELL,486,343.06,2026-06-04 17:47:07.532439,5c78a945
TSLA,BUY,434,171.86,2026-06-05 06:53:00.562397,52eeed4b
ION,SELL,154,260.6,2026-06-04 16:22:16.076127,ab68e19a
ION,SELL,299,228.3,2026-06-05 00:16:54.419252,a574ec8f
ION,BUY,58,410.84,2026-06-04 17:40:57.204579,7f9a8fb5
ZS,BUY,79,100.06,2026-06-05 09:40:01.492796,e0ff821a
ZS,SELL,237,400.63,2026-06-04 17:50:31.774446,3956812b
TSLA,SELL,169,191.86,2026-06-04 15:45:42.838496,f42db718
ION,BUY,482,285.96,2026-06-05 14:15:10.889366,2c3a1183
ION,BUY,255,397.06,2026-06-05 08:09:41.924867,6a3e4663
ION,SELL,408,102.34,2026-06-05 11:58:41.207464,5884745f
ZS,SELL,377,470.91,2026-06-05 02:09:08.296687,28460aaf
MSFT,BUY,21,166.71,2026-06-04 15:41:41.880154,63e04477
ZS,SELL,128,415.92,2026-06-04 17:27:48.879445,ec461450
ION,SELL,361,99.46,2026-06-04 21:00:34.734693,69f60a43
TSLA,SELL,102,335.53,2026-06-05 11:52:15.711968,f70deff7
MSFT,BUY,298,194.93,2026-06-05 06:53:57.760349,d5de0f82
ION,SELL,208,478.88,2026-06-05 11:42:25.782852,9aa5001d
AAPL,BUY,32,372.05,2026-06-05 00:18:58.621582,1e58f26e
ZS,SELL,233,173.66,2026-06-04 16:57:10.584152,22359faf
ZS,BUY,287,70.89,2026-06-05 09:00:05.444609,5315f51e
TSLA,BUY,241,486.56,2026-06-04 19:59:52.697700,79e764fa
ZS,SELL,367,470.37,2026-06-05 02:33:11.684076,06dae825
AAPL,SELL,182,102.76,2026-06-05 09:58:04.162903,ddd58925
ZS,BUY,463,489.65,2026-06-05 14:08:16.949208,eb209c48
ZS,SELL,449,483.46,2026-06-05 03:44:03.932847,794b79a4
ZS,BUY,313,115.33,2026-06-04 16:41:13.448944,58328946
TSLA,SELL,350,317.4,2026-06-05 08:56:26.368463,02e65b96
ZS,BUY,156,244.64,2026-06-05 11:25:00.565496,d531f26e
ION,BUY,359,257.19,2026-06-04 17:04:25.417296,12ecb246
AAPL,BUY,424,154.56,2026-06-04 17:52:23.174099,dc9be09e
MSFT,BUY,138,297.03,2026-06-05 03:31:50.445767,e8f48abb
TSLA,BUY,366,324.06,2026-06-04 14:52:41.130518,542748a6
MSFT,BUY,215,184.45,2026-06-05 13:11:16.624963,1b62992c
ION,BUY,86,485.64,2026-06-04 16:28:18.905779,f286fcd3
ZS,SELL,307,247.38,2026-06-05 12:52:58.014370,ba74df60
ION,BUY,34,129.64,2026-06-05 04:43:41.184488,32251f32
AAPL,SELL,81,235.79,2026-06-05 09:37:12.843529,40d73113
ION,SELL,130,430.07,2026-06-05 05:06:12.671257,312b92d7
ZS,SELL,270,206.95,2026-06-05 12:27:40.811192,59162ba6
ZS,BUY,229,191.24,2026-06-04 16:24:38.562179,0cbc6201
ZS,SELL,248,165.07,2026-06-04 18:00:53.438565,547bdb7b
AAPL,SELL,232,349.25,2026-06-05 06:38:55.764512,d4e77fd0
ZS,BUY,199,74.58,2026-06-04 18:31:06.223275,c5e65eb4
ZS,SELL,427,236.3,2026-06-05 08:02:45.069779,a1980847
ION,BUY,301,446.11,2026-06-04 22:34:06.998716,c37d7d0d
TSLA,SELL,77,316.08,2026-06-04 15:16:22.384425,f828e05a
AAPL,BUY,433,390.69,2026-06-04 20:15:48.075225,74a752a5
ION,BUY,203,225.83,2026-06-04 15:31:26.546508,8a607566
TSLA,SELL,344,495.57,2026-06-05 01:55:46.150396,ff7e086d
TSLA,BUY,74,395.65,2026-06-05 13:47:15.411864,ab01cad9
AAPL,SELL,45,334.53,2026-06-05 03:34:54.573931,759f1e56
ION,BUY,82,151.72,2026-06-05 05:16:20.712872,e24b851d
ION,BUY,208,365.78,2026-06-04 18:58:25.469596,ebd8d7b8
ION,BUY,397,285.85,2026-06-04 16:07:03.839722,460dbbcb
TSLA,SELL,377,400.93,2026-06-04 21:22:39.809290,57aa080c
AAPL,BUY,62,456.39,2026-06-04 16:01:55.341397,e15cc29f
ZS,SELL,315,438.14,2026-06-05 06:04:53.088801,5aa30911
MSFT,BUY,424,109.2,2026-06-04 16:54:34.796818,5307fe85
MSFT,SELL,271,346.13,2026-06-05 05:02:52.630379,f52f003b
AAPL,SELL,160,490.19,2026-06-05 14:35:04.434298,7561de36
AAPL,SELL,247,299.72,2026-06-05 09:20:15.211745,e9fcf8ee
ZS,BUY,383,417.95,2026-06-05 03:46:31.113919,9ea72993
AAPL,BUY,325,185.09,2026-06-05 06:37:32.411166,992cc626
TSLA,SELL,151,374.92,2026-06-04 17:34:46.489964,d4721cd0
ION,SELL,359,120.25,2026-06-05 01:05:58.906470,bf856489
