trade_id,ticker,trade_type,volume,price,execution_time
c647babb,AAPL,SELL,156,89.81,2026-06-05 00:45:09.558582
c8faf80c,ZS,BUY,115,269.58,2026-06-05 05:17:55.733863
e72e882e,ZS,SELL,364,143.26,2026-06-05 03:07:30.180798
06e4754c,ION,SELL,88,77.86,2026-06-05 00:23:25.368759
74ac87d3,ION,BUY,134,75.43,2026-06-04 17:53:54.870565
83529c06,ION,SELL,344,464.33,2026-06-05 01:04:15.360315
28f9fac0,ION,SELL,400,75.9,2026-06-04 17:16:02.017618
60c9c48a,ION,SELL,366,254.65,2026-06-05 04:22:25.003737
9a52e9d5,TSLA,BUY,141,103.37,2026-06-04 15:34:41.918586
85a08a7b,AAPL,BUY,137,418.06,2026-06-04 15:17:44.457001
7d608229,AAPL,SELL,57,256.29,2026-06-04 17:01:20.620491
628cae01,ION,BUY,190,153.47,2026-06-04 23:39:14.062537
a3b3657a,AAPL,SELL,134,496.1,2026-06-05 12:49:17.267343
37570837,ION,SELL,33,427.98,2026-06-05 06:19:39.897400
cf5fd9f2,AAPL,BUY,292,149.56,2026-06-04 15:10:03.639058
62e09199,ZS,BUY,208,53.85,2026-06-05 13:49:04.385731
de330aff,MSFT,BUY,204,307.36,2026-06-05 10:22:05.072827
ffc3ac21,ION,SELL,414,293.05,2026-06-04 15:23:10.605978
683e11d3,ION,SELL,69,300.84,2026-06-05 05:06:43.919813
0136fed9,ION,SELL,434,98.57,2026-06-05 00:48:39.489064
d332ba00,MSFT,SELL,26,279.13,2026-06-04 21:37:00.139520
da42fccc,TSLA,SELL,265,371.13,2026-06-05 02:34:53.708462
dd0b6523,MSFT,BUY,142,164.65,2026-06-05 13:49:13.079054
0e78d99e,ION,BUY,498,340.91,2026-06-04 22:14:56.692442
630633df,AAPL,SELL,413,109.72,2026-06-05 13:16:17.564979
62dbcb60,ZS,SELL,135,182.23,2026-06-04 17:52:31.306876
1ab919cd,MSFT,BUY,335,220.18,2026-06-04 16:45:54.926806
bd110f93,ION,SELL,358,460.68,2026-06-04 23:12:09.391895
af429928,MSFT,BUY,407,408.93,2026-06-05 09:39:34.465840
a7cd9575,ION,SELL,455,300.04,2026-06-04 19:31:43.543732
1e208b15,TSLA,SELL,460,362.51,2026-06-05 08:51:14.048954
48e2e97d,TSLA,SELL,94,248.57,2026-06-05 02:33:45.567315
7efd3752,AAPL,SELL,45,153.35,2026-06-04 23:12:17.036435
a254b8b1,TSLA,SELL,467,310.79,2026-06-05 08:14:07.182552
70748f5c,ION,BUY,136,320.57,2026-06-05 08:21:02.640870
d3be10b6,ION,BUY,279,329.26,2026-06-05 04:12:01.573861
b15f9f7b,ZS,BUY,76,487.49,2026-06-05 01:22:35.686530
de463351,AAPL,BUY,439,266.67,2026-06-05 11:45:00.551622
26d4b84c,ION,SELL,469,131.3,2026-06-04 18:16:45.110681
bdf86f50,MSFT,BUY,187,149.54,2026-06-05 06:55:06.298056
e47c7ef9,MSFT,BUY,178,131.27,2026-06-04 23:10:07.354455
bbccfe9e,ION,SELL,207,349.65,2026-06-05 11:23:38.034744
e772b50a,ZS,BUY,477,159.73,2026-06-05 03:16:47.131488
29b6bac4,AAPL,BUY,332,185.76,2026-06-05 02:44:04.120503
c3294d79,AAPL,BUY,332,257.23,2026-06-04 23:19:19.091438
3cfa7565,MSFT,SELL,219,130.84,2026-06-05 00:25:23.141636
c3a1563e,ZS,SELL,391,283.3,2026-06-05 14:21:50.495744
f1f87184,TSLA,BUY,50,495.77,2026-06-04 21:57:16.709392
546e0d11,MSFT,BUY,255,79.68,2026-06-05 01:58:24.750455
08d1f038,TSLA,BUY,492,244.93,2026-06-04 20:06:56.287062
a3db11c7,AAPL,SELL,279,201.38,2026-06-04 15:49:19.150848
7a2333a3,ION,BUY,250,85.97,2026-06-04 16:14:05.108461
e8770260,ZS,SELL,352,241.0,2026-06-04 15:03:16.175518
291d56c7,ION,SELL,467,427.27,2026-06-05 14:38:05.275565
674d66c1,MSFT,BUY,484,188.72,2026-06-04 21:58:34.119241
059bf103,MSFT,SELL,162,434.64,2026-06-04 15:22:03.012152
30637584,AAPL,BUY,64,481.3,2026-06-05 14:02:26.219727
28c0a69c,ZS,SELL,365,136.51,2026-06-05 09:55:26.744148
8ff6c21c,ION,BUY,150,77.97,2026-06-05 07:51:16.898702
c43ef1aa,MSFT,SELL,142,133.65,2026-06-04 20:55:06.526294
f6373b73,TSLA,SELL,360,265.55,2026-06-04 15:03:35.073325
7bdc64ae,AAPL,SELL,106,489.59,2026-06-04 19:59:50.992657
8c5a8752,ZS,BUY,439,203.0,2026-06-04 18:18:24.894789
c9f7a593,TSLA,SELL,406,450.66,2026-06-05 06:19:32.855594
1cf83a8b,MSFT,BUY,191,404.9,2026-06-05 12:01:21.358255
72f648e8,ZS,BUY,318,299.86,2026-06-05 07:58:14.194623
09c4aee1,MSFT,SELL,41,208.24,2026-06-05 03:50:11.550311
83ed8ea6,AAPL,SELL,405,349.38,2026-06-05 14:40:05.354492
b3865362,ZS,BUY,115,412.93,2026-06-04 17:59:42.217938
508081e7,ION,BUY,336,346.26,2026-06-04 21:54:23.579815
bfdc62cd,ION,SELL,397,425.08,2026-06-05 07:11:41.353379
f3e98bc8,AAPL,BUY,350,175.55,2026-06-04 16:41:29.645574
9b5c2cd5,ION,BUY,52,117.3,2026-06-04 17:25:27.235106
a19aeb2c,AAPL,SELL,458,479.31,2026-06-04 20:27:43.811889
3670a167,AAPL,SELL,37,446.44,2026-06-05 03:34:49.388837
2ed8da68,TSLA,SELL,214,202.28,2026-06-04 23:04:23.315276
e853912a,TSLA,BUY,197,391.44,2026-06-05 05:58:05.116760
1208d36f,ZS,BUY,274,429.58,2026-06-04 16:10:10.040075
7c2d4dbb,ION,BUY,342,171.86,2026-06-05 05:33:27.731964
3c93f605,TSLA,SELL,427,345.32,2026-06-05 00:25:40.325843
9fa11de7,AAPL,SELL,469,397.56,2026-06-05 10:03:01.562830
27172238,AAPL,SELL,492,493.78,2026-06-05 00:17:26.699415
3a8ccff5,ZS,SELL,118,216.4,2026-06-05 00:22:10.678097
5dac4e16,ION,SELL,411,106.91,2026-06-05 06:22:58.299908
4adb8fc3,TSLA,BUY,364,77.2,2026-06-04 22:03:47.789411
896ec6d1,ION,SELL,97,281.81,2026-06-04 19:21:48.038345
e8dfc500,MSFT,SELL,89,125.06,2026-06-05 14:42:08.584394
634ff465,ZS,SELL,31,273.37,2026-06-04 19:51:42.566713
6d8cfe90,MSFT,BUY,60,89.72,2026-06-05 13:39:06.579397
4211e778,ZS,BUY,58,154.31,2026-06-05 08:25:16.026744
ccb08de8,ZS,BUY,494,83.34,2026-06-05 04:41:41.398874
30ee018f,TSLA,SELL,39,138.29,2026-06-05 11:56:53.704596
32eb2616,MSFT,BUY,442,126.64,2026-06-05 11:57:43.358590
b64aea3f,ZS,SELL,241,192.91,2026-06-05 04:03:44.948051
bb383dac,ION,SELL,47,436.01,2026-06-05 13:50:46.910487
431e41f6,TSLA,BUY,394,478.99,2026-06-05 07:03:04.307371
192dd85e,AAPL,BUY,32,485.76,2026-06-05 09:33:07.189049
2b0573ad,MSFT,SELL,62,304.48,2026-06-05 04:20:09.701944
0c1d0ec3,ION,BUY,72,195.43,2026-06-04 21:16:02.678200
23aab155,ZS,BUY,51,272.4,2026-06-04 18:40:44.372600
7b901028,ION,BUY,266,186.35,2026-06-04 22:02:00.100792
be6f67ee,ZS,SELL,347,345.09,2026-06-05 11:30:18.967308
2e2ae498,ZS,BUY,430,378.06,2026-06-05 06:21:14.061295
a34f0e1d,ION,BUY,331,447.49,2026-06-05 02:32:41.136198
83030914,ION,BUY,315,345.74,2026-06-05 14:16:09.376160
1cda8030,ION,SELL,291,285.66,2026-06-05 06:06:38.789730
63045477,ZS,BUY,250,303.44,2026-06-05 02:46:33.202888
e97620ea,TSLA,SELL,77,161.91,2026-06-05 09:55:52.216508
e4c0b8c2,MSFT,SELL,43,496.04,2026-06-05 07:04:20.109325
fcc80c2a,ZS,BUY,458,452.98,2026-06-05 03:21:52.840487
82eee13b,ION,BUY,129,113.56,2026-06-05 08:44:32.973201
1cbbf95b,ION,BUY,123,229.87,2026-06-05 05:41:16.692264
87fa5153,MSFT,BUY,225,87.94,2026-06-05 12:04:08.976860
bbfd4d44,MSFT,BUY,344,339.47,2026-06-05 10:08:16.716481
3d932303,ZS,BUY,334,393.8,2026-06-05 00:02:56.384540
ff3f291b,ZS,SELL,335,210.57,2026-06-05 09:10:05.316215
c26105c3,ZS,BUY,172,66.77,2026-06-04 19:56:10.749545
672bc25d,ZS,BUY,125,452.19,2026-06-05 04:55:41.108574
a2dacbb6,TSLA,SELL,210,376.48,2026-06-05 08:13:33.172323
8be04a47,AAPL,BUY,380,245.65,2026-06-05 04:49:51.796096
d554bad7,TSLA,BUY,21,424.82,2026-06-04 21:13:53.237417
725df6f2,ION,BUY,122,470.97,2026-06-05 08:09:53.973240
ffd0e7b1,ION,SELL,349,470.39,2026-06-04 19:22:20.028436
d2a83af8,MSFT,BUY,408,151.83,2026-06-04 19:31:49.833705
61fe8d8e,ION,BUY,86,181.28,2026-06-04 22:32:03.489103
3cdb4465,TSLA,SELL,170,216.83,2026-06-04 17:42:12.310611
285394a5,MSFT,SELL,48,227.59,2026-06-04 17:04:26.158887
21b1fbe8,MSFT,SELL,339,498.45,2026-06-05 10:40:38.453355
c599d053,AAPL,BUY,147,214.41,2026-06-05 07:48:38.737130
3ece5412,ION,BUY,135,280.26,2026-06-05 02:53:59.681018
b49fcdb7,MSFT,SELL,317,230.1,2026-06-05 13:30:23.000420
e42ba904,AAPL,BUY,406,57.65,2026-06-04 22:01:20.833872
e9238b48,TSLA,SELL,386,237.25,2026-06-05 03:52:33.841806
d1c93c7d,ION,BUY,37,230.26,2026-06-05 05:56:09.674384
064e01c1,AAPL,SELL,51,323.49,2026-06-04 16:56:27.499410
a6cfb51a,ION,SELL,407,280.7,2026-06-05 13:29:35.026548
0d69c4df,ZS,BUY,271,204.87,2026-06-05 01:25:03.217984
6862c11d,AAPL,SELL,400,458.77,2026-06-05 02:19:59.856582
ab1baf8c,ION,SELL,255,172.01,2026-06-05 00:25:10.212630
5b37b076,AAPL,SELL,320,61.98,2026-06-05 00:46:48.625605
92af5699,TSLA,BUY,471,296.42,2026-06-05 11:06:42.920336
218d7896,AAPL,BUY,371,97.57,2026-06-05 14:11:04.683125
17bb49d8,AAPL,BUY,290,476.54,2026-06-05 07:20:49.500584
e7f3f0ed,AAPL,BUY,247,72.03,2026-06-05 01:16:48.375443
0f1f10f9,MSFT,SELL,380,139.87,2026-06-05 03:41:14.501091
441640b3,ION,BUY,80,335.12,2026-06-04 19:27:08.148295
2a4d6651,AAPL,SELL,497,174.51,2026-06-04 17:22:55.376662
2640a194,ZS,BUY,312,409.76,2026-06-05 12:47:46.279182
7efad0d2,ZS,BUY,444,88.3,2026-06-04 17:10:08.745481
16c588b8,TSLA,SELL,162,89.89,2026-06-04 16:56:29.843565
50fb7333,AAPL,SELL,358,59.47,2026-06-05 05:33:17.882803
16f7dba0,ZS,SELL,97,196.39,2026-06-05 02:12:16.795872
1ff7ed41,ION,SELL,342,102.43,2026-06-05 10:47:20.020787
cfef8234,TSLA,BUY,263,421.56,2026-06-04 16:13:55.113294
2c712dba,ION,BUY,232,276.28,2026-06-05 02:38:16.554813
e44462c3,MSFT,SELL,178,243.0,2026-06-05 13:29:34.556209
9a512ee8,AAPL,BUY,416,220.98,2026-06-05 03:23:53.126545
e9effd4c,AAPL,BUY,88,301.62,2026-06-04 15:22:04.736784
aec171a4,AAPL,SELL,240,131.35,2026-06-05 01:29:35.536252
627307fb,TSLA,BUY,105,443.05,2026-06-05 10:05:50.266117
1407ba31,TSLA,SELL,424,70.36,2026-06-05 00:06:29.886535
1554d6eb,ION,SELL,347,489.36,2026-06-04 16:15:34.210432
020cf156,MSFT,SELL,469,372.75,2026-06-05 11:28:42.904871
f9a31fe7,ZS,SELL,168,394.54,2026-06-05 01:40:36.966511
52566d79,TSLA,BUY,197,492.93,2026-06-05 13:29:28.917805
742a4fa1,TSLA,SELL,54,173.73,2026-06-04 20:11:46.582247
eac2b64f,AAPL,BUY,314,201.49,2026-06-04 23:12:39.382824
7d521c4e,AAPL,BUY,108,212.76,2026-06-05 04:23:50.857107
5dc1ab27,ION,SELL,277,274.33,2026-06-05 04:23:21.191066
2cdec471,ZS,SELL,115,66.42,2026-06-05 03:07:20.045183
8132ff5f,AAPL,BUY,307,180.58,2026-06-05 07:55:26.458032
9b1a9099,ZS,SELL,166,336.32,2026-06-05 01:15:57.002630
4fd6c369,MSFT,BUY,134,117.03,2026-06-04 16:28:58.650184
31332ebf,MSFT,SELL,38,323.57,2026-06-05 14:30:25.099128
b8c12620,AAPL,SELL,194,365.24,2026-06-05 00:21:54.576665
25dbe142,ION,SELL,115,407.51,2026-06-05 09:55:47.324298
c21e36ac,MSFT,BUY,171,377.5,2026-06-05 03:20:27.921099
91aeb5cd,ION,BUY,498,66.42,2026-06-04 17:17:03.435780
98610b38,ZS,BUY,412,472.21,2026-06-04 14:58:29.922719
a081fed8,ION,SELL,462,144.89,2026-06-05 04:33:43.813000
92aafe7a,AAPL,SELL,297,103.66,2026-06-05 13:18:27.895636
2dd208a8,TSLA,BUY,99,315.04,2026-06-05 10:51:17.184817
c0a34632,ION,SELL,144,323.44,2026-06-05 02:20:57.117568
586a0e70,TSLA,SELL,124,102.02,2026-06-04 15:24:22.265262
868b6a63,MSFT,SELL,97,491.54,2026-06-05 10:25:50.499644
21102a77,ION,SELL,338,345.55,2026-06-05 02:45:50.562780
05cecf75,MSFT,SELL,183,358.39,2026-06-04 19:47:52.790024
265dda3a,ZS,SELL,59,170.13,2026-06-04 20:01:19.277864
50dd8155,ION,SELL,74,476.91,2026-06-04 15:28:39.588019
6cb8cd94,ION,SELL,49,488.03,2026-06-04 20:25:21.940150
b741e2b9,TSLA,SELL,329,278.83,2026-06-04 17:19:44.090740
8b4a1add,ION,BUY,10,221.38,2026-06-05 10:23:38.392262
ca6f8afc,AAPL,BUY,170,400.53,2026-06-05 05:22:09.445139
c19e4dab,ION,SELL,176,316.32,2026-06-05 09:13:08.211341
e89845f8,ZS,SELL,419,263.19,2026-06-05 08:50:55.522158
0569db84,MSFT,BUY,157,443.46,2026-06-05 02:32:58.655159
9316c1f0,MSFT,BUY,180,419.01,2026-06-05 11:28:52.473937
036be2dc,TSLA,BUY,366,196.62,2026-06-05 09:24:35.726399
847dad61,ZS,BUY,74,254.12,2026-06-05 08:49:02.327365
a4f56e43,AAPL,BUY,212,475.9,2026-06-05 14:08:52.278163
9a00e04e,ZS,BUY,103,208.58,2026-06-04 21:53:24.495823
0667520d,MSFT,SELL,489,363.8,2026-06-04 22:24:35.354362
f2ba1e37,ION,SELL,342,112.71,2026-06-05 07:31:15.510300
1878badb,ZS,BUY,398,117.38,2026-06-05 13:01:08.871356
cfc6cfe2,ION,SELL,60,475.65,2026-06-04 18:40:39.263438
354a34e5,ION,BUY,193,295.48,2026-06-05 10:56:09.687361
4a960c4d,MSFT,BUY,140,312.41,2026-06-04 17:08:12.974226
862cc5a7,ZS,SELL,471,346.54,2026-06-05 08:52:05.306067
fdccd7fd,ZS,BUY,369,160.59,2026-06-05 06:37:09.366808
72576ea1,MSFT,BUY,124,253.0,2026-06-04 18:59:47.567851
0e8ac8a8,AAPL,SELL,53,218.06,2026-06-04 22:05:00.568637
9e45c493,AAPL,SELL,270,79.28,2026-06-05 07:11:33.754634
34b41bb8,ZS,SELL,245,325.06,2026-06-04 15:34:12.392112
d42a7894,MSFT,SELL,75,157.5,2026-06-05 04:17:42.154322
11bc05af,AAPL,SELL,329,310.77,2026-06-05 09:11:01.357597
d0ea7983,MSFT,SELL,451,364.03,2026-06-05 13:57:53.031685
cc961817,TSLA,BUY,83,363.53,2026-06-04 16:41:25.845348
f71f7839,ZS,SELL,58,448.92,2026-06-05 03:17:49.634591
88e1c453,AAPL,BUY,334,397.42,2026-06-05 04:00:38.234292
90d9100a,ION,SELL,341,133.75,2026-06-04 20:35:21.169484
296b6d14,MSFT,SELL,197,286.88,2026-06-04 19:24:06.111451
9c2efa36,TSLA,SELL,271,439.02,2026-06-05 01:20:37.088531
1eb0db83,ZS,BUY,220,254.8,2026-06-05 05:57:53.183374
9552e5b1,AAPL,BUY,71,246.08,2026-06-05 03:31:08.350997
59f2c7d0,AAPL,SELL,193,439.22,2026-06-04 17:44:41.093728
122b16c6,TSLA,SELL,468,444.87,2026-06-05 09:01:36.636106
17b0fe00,ZS,SELL,46,62.39,2026-06-04 21:44:48.734642
11c48a03,ION,BUY,421,461.68,2026-06-04 20:25:55.353175
509f1831,AAPL,BUY,425,306.35,2026-06-04 15:00:57.344697
e8205716,ZS,BUY,459,317.69,2026-06-05 01:15:22.358701
0b8e78c6,MSFT,BUY,341,71.58,2026-06-04 19:44:36.299873
a7aa6a56,AAPL,BUY,227,295.51,2026-06-04 23:28:20.957042
afc29418,AAPL,BUY,331,232.65,2026-06-05 05:18:25.547359
5b57163d,MSFT,SELL,426,148.35,2026-06-05 03:11:27.196649
9b3339c2,TSLA,SELL,309,418.91,2026-06-04 16:42:00.695198
0516b42b,TSLA,BUY,414,192.63,2026-06-05 01:44:42.759089
8cc562d1,ION,SELL,116,349.87,2026-06-04 18:52:21.853081
6ca63a02,AAPL,BUY,275,439.19,2026-06-04 16:45:00.029449
56001ffa,MSFT,BUY,298,290.99,2026-06-05 03:28:52.423187
b98ad8be,AAPL,SELL,241,121.84,2026-06-05 05:09:09.191171
df5eaecf,AAPL,SELL,114,328.96,2026-06-05 07:20:49.415566
c82d467a,AAPL,SELL,138,437.25,2026-06-04 15:44:18.663973
7123c335,MSFT,SELL,89,122.78,2026-06-05 05:37:31.876917
a07d1280,ION,BUY,230,150.95,2026-06-04 21:45:51.069912
7232bb48,ZS,SELL,77,202.17,2026-06-05 06:55:27.286530
90b5fb89,TSLA,BUY,364,145.49,2026-06-05 03:57:21.391907
2ae2125d,MSFT,BUY,339,98.88,2026-06-05 12:28:48.399762
875e188c,ZS,BUY,298,485.63,2026-06-04 21:27:21.671024
f9813aeb,MSFT,BUY,274,290.45,2026-06-04 23:43:00.315802
f8672426,AAPL,BUY,497,294.38,2026-06-04 17:03:40.089792
7822f997,TSLA,BUY,334,287.12,2026-06-05 05:56:34.461882
74d37085,ZS,SELL,483,384.67,2026-06-04 22:19:00.677246
283dead1,ION,SELL,330,346.68,2026-06-05 13:59:59.699536
e1adc87e,TSLA,BUY,426,456.02,2026-06-05 12:29:07.379827
cf04bcb0,MSFT,BUY,44,229.81,2026-06-05 12:12:12.343772
60f5db5a,AAPL,BUY,116,481.11,2026-06-04 21:53:42.502588
b61f7d62,ION,SELL,260,184.15,2026-06-05 10:27:36.380609
56e93974,TSLA,SELL,297,317.55,2026-06-05 10:19:18.312693
253649d3,ION,SELL,131,253.38,2026-06-05 10:29:09.985401
f43536be,ION,BUY,296,185.02,2026-06-05 13:05:13.209659
ffbad4b0,MSFT,SELL,207,411.8,2026-06-05 00:14:55.843433
54c4e02c,TSLA,SELL,15,176.96,2026-06-05 03:54:13.102325
82506a3a,TSLA,SELL,468,176.44,2026-06-05 01:23:53.018751
3ab3ddd0,AAPL,SELL,56,470.25,2026-06-04 22:40:01.969157
f08fa4f2,ZS,BUY,463,265.1,2026-06-05 08:14:22.239206
7e753f4d,ION,BUY,147,377.27,2026-06-05 07:37:24.319563
20591296,TSLA,SELL,127,352.8,2026-06-05 06:30:39.295247
119145e4,AAPL,SELL,395,203.03,2026-06-04 23:56:08.569862
029ba79c,ZS,BUY,108,326.4,2026-06-05 01:43:23.045476
1cbd11d7,MSFT,SELL,21,174.71,2026-06-05 06:27:16.431864
6d9cf981,AAPL,SELL,30,127.39,2026-06-05 04:06:27.183817
b6d39f9e,MSFT,SELL,97,382.97,2026-06-04 22:22:07.057079
5ba2c781,TSLA,SELL,459,333.43,2026-06-05 09:05:54.348201
f16c483d,TSLA,BUY,102,375.85,2026-06-05 11:05:09.046718
059211f9,ION,BUY,285,385.5,2026-06-05 07:25:01.395444
47daa4fd,AAPL,BUY,178,178.24,2026-06-05 02:18:08.201703
afd2bcbd,AAPL,BUY,120,439.85,2026-06-04 23:36:37.479484
be32acae,ION,SELL,196,277.04,2026-06-05 05:54:36.859236
d0d1f8e9,MSFT,SELL,24,327.13,2026-06-05 08:15:49.811177
fec53b06,MSFT,SELL,446,493.29,2026-06-05 04:16:36.004833
1bfdd54a,MSFT,SELL,391,89.85,2026-06-05 05:05:31.939159
c0f4a24e,MSFT,BUY,351,337.63,2026-06-05 07:54:16.249107
53fe5dda,AAPL,SELL,379,267.95,2026-06-05 06:18:11.598001
f8b66ce5,TSLA,SELL,363,197.27,2026-06-05 01:01:55.674176
485c9108,ZS,BUY,135,478.24,2026-06-05 07:22:39.053621
1d7ed9eb,ZS,BUY,407,378.46,2026-06-04 21:32:00.448188
58b1a49a,ION,SELL,349,474.3,2026-06-05 12:49:54.735292
5b747779,ION,SELL,310,113.83,2026-06-04 18:05:36.727194
f06cab72,ION,SELL,179,287.32,2026-06-05 14:44:35.142620
f01da8bc,MSFT,SELL,133,252.31,2026-06-04 20:06:39.081588
43091118,AAPL,BUY,227,313.63,2026-06-05 14:12:03.388966
4aa5f9b1,ION,SELL,152,494.17,2026-06-05 09:01:46.443192
b6299d9a,AAPL,SELL,317,427.95,2026-06-05 05:57:32.723770
87d6218e,ZS,SELL,250,427.68,2026-06-05 11:59:54.188472
54f24873,MSFT,BUY,79,337.74,2026-06-05 07:10:36.464015
b5baae8c,ZS,SELL,37,186.69,2026-06-04 15:40:25.292279
0a0de66c,MSFT,BUY,331,164.93,2026-06-05 13:14:30.768557
09b8bec7,MSFT,BUY,275,75.37,2026-06-05 10:02:27.840130
11ba9962,ZS,BUY,198,111.46,2026-06-05 06:44:14.413263
1923e788,AAPL,BUY,262,110.14,2026-06-05 04:08:42.418491
bf105588,AAPL,SELL,166,226.97,2026-06-05 07:34:42.783494
a4f69f4d,MSFT,BUY,359,64.17,2026-06-05 11:40:00.056246
351acbc5,TSLA,SELL,254,331.28,2026-06-04 19:48:42.135656
08e1044f,AAPL,BUY,142,287.67,2026-06-04 19:15:04.421689
67eb1a5b,MSFT,SELL,238,79.14,2026-06-04 22:09:41.334556
861b94fe,MSFT,BUY,162,161.68,2026-06-04 18:49:58.049767
df31e175,ION,BUY,144,278.89,2026-06-05 10:25:53.862201
7cf76a0d,TSLA,BUY,388,62.92,2026-06-05 01:23:00.789531
55226d2d,MSFT,BUY,30,416.17,2026-06-04 16:22:58.979002
25f30085,TSLA,SELL,492,441.8,2026-06-04 20:32:43.874220
c3cbc0b6,ION,SELL,215,487.08,2026-06-05 06:46:04.825605
b3ce2f80,TSLA,SELL,174,115.93,2026-06-04 19:18:47.669747
d867caf1,MSFT,BUY,451,362.46,2026-06-05 12:25:20.321345
5ff2899b,MSFT,SELL,112,340.8,2026-06-05 02:22:51.126848
16ad9593,AAPL,BUY,383,141.98,2026-06-05 02:06:08.271358
d45bf75a,AAPL,SELL,72,248.38,2026-06-05 08:38:57.960474
03c5e325,ZS,BUY,202,229.35,2026-06-05 14:07:10.374433
50f83520,AAPL,BUY,195,130.12,2026-06-05 10:17:27.468542
83d1b5a5,ZS,SELL,156,412.98,2026-06-04 22:01:46.177882
5b2c3458,ION,BUY,384,415.49,2026-06-05 02:21:30.344477
9cb3c5ec,MSFT,SELL,375,155.98,2026-06-04 23:57:29.800980
a24d512d,ZS,SELL,345,257.94,2026-06-04 21:51:23.273840
4588a878,MSFT,BUY,72,327.05,2026-06-05 03:59:07.206116
395cc750,MSFT,BUY,215,279.84,2026-06-04 15:08:50.571092
78066618,ION,SELL,80,445.0,2026-06-04 21:00:32.090363
d2357ea1,AAPL,SELL,27,376.83,2026-06-05 01:23:24.709294
3d94dee6,AAPL,BUY,308,220.78,2026-06-04 16:28:29.114707
3c733f91,AAPL,SELL,128,416.8,2026-06-05 08:17:56.922821
3cf9364e,MSFT,SELL,271,58.38,2026-06-04 15:15:42.750480
e2dfec30,AAPL,BUY,108,117.41,2026-06-05 07:37:44.836805
79bd12f6,ZS,BUY,461,251.35,2026-06-05 08:51:41.426895
0f677dcb,ION,SELL,414,471.63,2026-06-05 10:15:49.324685
6f0c25a4,ZS,BUY,304,190.57,2026-06-05 11:55:57.985537
3584bb3a,ZS,BUY,412,222.49,2026-06-05 14:19:31.858515
1a429863,ION,SELL,337,137.43,2026-06-05 03:28:04.311244
ae70b4e2,TSLA,BUY,195,294.59,2026-06-05 07:22:22.417960
4335cce0,ION,SELL,355,136.2,2026-06-04 16:05:34.121504
99c87eaa,TSLA,SELL,137,393.61,2026-06-05 05:26:42.160303
becae403,TSLA,SELL,346,252.46,2026-06-04 19:37:34.532240
f96f0021,TSLA,SELL,130,72.23,2026-06-04 21:48:51.294459
2c8d083f,ZS,SELL,173,196.76,2026-06-05 11:12:08.038480
4c56b759,MSFT,SELL,465,373.2,2026-06-05 11:11:48.186360
968f884a,AAPL,BUY,95,65.86,2026-06-04 20:20:46.215834
bb99c783,AAPL,SELL,147,283.82,2026-06-05 06:20:22.494258
a23d38c9,AAPL,SELL,78,485.81,2026-06-04 19:09:16.875217
bb47e619,AAPL,SELL,337,460.98,2026-06-05 01:45:13.641276
b17c7a70,AAPL,BUY,493,355.94,2026-06-05 11:13:34.427955
2e4e0e34,ION,SELL,368,366.26,2026-06-04 22:34:17.018512
1d3cb550,ZS,BUY,229,465.48,2026-06-05 04:26:11.888779
ef599dda,ION,SELL,481,312.3,2026-06-05 14:20:26.791513
334bedcc,AAPL,BUY,354,340.78,2026-06-05 11:49:29.300264
591cc740,MSFT,SELL,67,251.8,2026-06-05 10:21:26.970634
8475cc7b,TSLA,SELL,347,347.78,2026-06-04 23:04:31.733487
8cf71bee,TSLA,BUY,36,428.44,2026-06-04 23:51:47.056919
4a0b3008,AAPL,SELL,267,57.84,2026-06-05 05:53:25.103459
e8745c9f,ION,SELL,36,136.14,2026-06-04 22:56:11.148217
d2aa5f53,ION,BUY,69,340.83,2026-06-05 13:56:04.038430
fa5674c1,ION,BUY,236,336.69,2026-06-05 07:52:28.044793
297b1522,AAPL,SELL,313,479.49,2026-06-04 21:13:21.237633
a506e0e9,MSFT,BUY,165,378.5,2026-06-04 17:25:17.153733
0af5f76d,AAPL,SELL,495,480.02,2026-06-05 03:55:02.799377
35f361db,AAPL,SELL,339,432.09,2026-06-04 23:02:54.224701
cf0988b0,ION,BUY,134,413.58,2026-06-05 03:22:06.401012
a4c36861,ION,BUY,445,442.21,2026-06-05 00:02:16.916337
66c34791,ZS,BUY,97,185.73,2026-06-04 21:59:13.953847
46fb134a,TSLA,BUY,359,118.01,2026-06-04 15:28:21.060432
fb0f7a62,AAPL,BUY,273,119.79,2026-06-05 13:13:20.563268
c2d65220,ZS,SELL,208,349.87,2026-06-05 09:42:21.916565
34c5992f,MSFT,BUY,333,93.97,2026-06-05 11:52:49.857111
c0b26a4b,ION,BUY,466,228.55,2026-06-04 22:03:03.710495
79fc6b32,MSFT,BUY,190,440.45,2026-06-04 19:33:51.826899
9f3c8c63,MSFT,SELL,457,339.18,2026-06-05 11:52:20.718446
eb15a7d4,ZS,BUY,257,328.58,2026-06-04 15:56:12.381141
bb17eefb,TSLA,SELL,335,129.13,2026-06-05 04:05:59.520337
77b1621a,ION,BUY,470,68.75,2026-06-05 01:17:34.272549
7e062bad,TSLA,SELL,415,232.47,2026-06-04 18:53:05.919879
95bf8b94,MSFT,SELL,71,257.41,2026-06-04 16:39:29.554637
08817c3c,AAPL,BUY,361,208.44,2026-06-05 04:13:31.823300
0602e0b4,ION,BUY,449,280.55,2026-06-05 11:21:59.307356
df05b8bd,TSLA,SELL,269,488.0,2026-06-05 09:11:39.041621
454415fd,TSLA,SELL,442,334.45,2026-06-04 18:51:45.162968
0e3ee3da,ION,BUY,130,424.89,2026-06-05 10:40:07.515492
3d1ee0b7,ION,BUY,164,395.54,2026-06-05 06:12:09.399058
e98ebaf7,ZS,BUY,467,213.66,2026-06-04 18:39:57.307629
75774e3f,ZS,SELL,310,263.54,2026-06-05 06:31:08.144997
612de327,TSLA,BUY,285,279.01,2026-06-04 18:50:25.742062
3df5f80d,ION,SELL,108,222.4,2026-06-05 11:13:09.216538
a6eea5af,TSLA,BUY,154,146.97,2026-06-04 20:41:38.897618
f4b3d94b,AAPL,BUY,311,118.6,2026-06-04 16:34:18.828134
ce18fef2,AAPL,SELL,18,63.38,2026-06-04 15:06:28.304303
89226d00,ION,BUY,108,263.46,2026-06-05 12:49:53.370146
423e4141,AAPL,BUY,370,351.66,2026-06-05 10:09:32.838162
2a62a0d7,AAPL,SELL,489,449.99,2026-06-05 00:52:11.024454
84c76001,AAPL,BUY,252,409.5,2026-06-05 13:27:31.978273
3dbb92fa,MSFT,BUY,391,361.13,2026-06-05 02:17:05.222018
4bcc4059,AAPL,SELL,31,243.39,2026-06-04 16:59:02.891000
c16be7bb,ION,BUY,492,402.88,2026-06-04 20:06:30.946823
16b59793,TSLA,BUY,399,336.39,2026-06-04 18:29:17.270804
8c6741aa,ZS,SELL,12,288.35,2026-06-04 16:05:11.092931
441ae5eb,TSLA,BUY,277,478.27,2026-06-05 12:39:51.613474
1f1f79d4,MSFT,SELL,445,64.32,2026-06-05 11:53:58.475464
cc4e3b7c,ZS,BUY,349,453.68,2026-06-04 17:19:30.260896
3e0fb1d6,AAPL,SELL,394,434.58,2026-06-04 14:59:14.076101
64914594,ION,BUY,18,319.69,2026-06-05 14:20:58.834380
54edd651,ZS,BUY,461,176.63,2026-06-05 13:48:08.627602
28e86ecf,TSLA,BUY,222,294.67,2026-06-05 11:42:34.754900
9a699088,ZS,SELL,214,296.26,2026-06-04 15:57:28.711692
d4ddde91,AAPL,BUY,399,483.87,2026-06-05 01:55:14.662864
3dfbfa00,MSFT,BUY,142,288.19,2026-06-04 20:45:02.025190
534766ff,AAPL,BUY,48,340.9,2026-06-04 14:55:28.495211
456ddb49,TSLA,SELL,347,399.07,2026-06-04 16:24:29.686380
10dd2676,ZS,SELL,227,124.33,2026-06-04 16:12:38.075389
3d5d2eda,ZS,BUY,211,273.06,2026-06-04 20:19:19.934122
7584acb1,AAPL,BUY,71,212.59,2026-06-05 00:30:18.265025
86aaa4b4,MSFT,BUY,398,56.83,2026-06-04 15:53:10.616164
b15724a0,ZS,BUY,184,170.56,2026-06-04 19:00:33.014531
9acc67d2,AAPL,SELL,223,479.83,2026-06-04 15:45:36.558873
3123e96c,AAPL,BUY,75,119.79,2026-06-05 00:31:57.662656
896fa15c,TSLA,SELL,417,398.16,2026-06-05 02:50:02.511416
d1450723,MSFT,BUY,293,367.28,2026-06-05 11:47:24.616410
5af294dc,TSLA,SELL,106,478.77,2026-06-04 18:03:29.164775
fd252829,ION,BUY,229,60.22,2026-06-05 14:00:32.895001
bbeff2d7,ZS,SELL,397,449.19,2026-06-04 20:25:49.133672
29e96b80,ION,BUY,136,389.88,2026-06-05 03:45:35.210712
8399eb0c,ION,BUY,13,52.28,2026-06-04 20:38:57.182986
d415bea1,AAPL,BUY,240,373.26,2026-06-04 19:57:01.187403
3605d144,AAPL,SELL,492,106.25,2026-06-05 08:27:05.537728
57132487,TSLA,BUY,192,357.6,2026-06-05 06:12:07.886817
235ffe1f,ION,SELL,94,338.86,2026-06-04 20:35:34.419610
1d44d190,ION,BUY,495,498.63,2026-06-05 07:19:33.791417
86b1a302,TSLA,SELL,459,353.92,2026-06-05 05:05:30.762499
1a7abc27,MSFT,SELL,406,394.56,2026-06-05 11:28:28.255068
3d1410d3,ION,SELL,67,145.31,2026-06-05 13:04:33.767284
094e468c,AAPL,SELL,39,480.75,2026-06-05 05:26:14.620479
e96e5662,ZS,BUY,321,81.68,2026-06-04 21:05:01.143368
9ea78b7a,AAPL,BUY,429,400.67,2026-06-05 11:42:32.809101
bc770bdb,TSLA,SELL,221,160.57,2026-06-05 09:51:53.438285
db3c2257,ZS,BUY,299,74.83,2026-06-05 01:06:46.212161
beaa3548,TSLA,SELL,102,337.13,2026-06-05 10:55:37.952732
517778ed,ION,SELL,344,208.98,2026-06-05 09:40:05.903398
a008d029,AAPL,BUY,478,372.12,2026-06-05 12:25:08.622283
bc90f600,AAPL,BUY,394,145.7,2026-06-05 01:12:15.310665
112ac3a2,ZS,SELL,245,216.17,2026-06-05 05:39:21.548085
b8f12f7b,ZS,SELL,451,483.75,2026-06-04 17:48:05.191992
4e53f54a,MSFT,BUY,261,338.96,2026-06-05 05:38:28.636308
eac9ebe3,ION,SELL,304,330.27,2026-06-05 02:53:35.839442
6b5a883a,ION,BUY,434,413.99,2026-06-05 07:11:55.308349
5315adb2,MSFT,SELL,75,213.11,2026-06-04 19:20:00.612478
1ee7c7e5,TSLA,BUY,238,430.89,2026-06-05 13:16:53.201650
cec17347,MSFT,SELL,391,99.57,2026-06-05 05:58:38.959836
c6a2ab87,MSFT,BUY,411,63.26,2026-06-04 22:59:02.961599
b6e490a4,MSFT,BUY,279,114.23,2026-06-05 02:47:38.690274
c7bd316d,AAPL,SELL,400,120.11,2026-06-04 19:55:01.286113
c1cbc6e2,ZS,BUY,190,276.76,2026-06-04 23:17:07.911143
0cdce161,AAPL,SELL,42,282.27,2026-06-05 04:36:58.887918
a800258d,MSFT,SELL,419,435.81,2026-06-05 11:16:45.609002
772cf524,MSFT,BUY,446,447.9,2026-06-05 03:47:50.046758
5f09f40a,TSLA,BUY,98,364.31,2026-06-05 12:35:58.144011
2dcd6293,TSLA,BUY,455,163.5,2026-06-05 08:50:48.105561
86d9b051,ZS,SELL,329,197.08,2026-06-05 01:09:46.591326
6fd70974,ION,SELL,383,459.72,2026-06-05 07:44:54.064173
5f6e77b8,AAPL,BUY,356,432.04,2026-06-04 14:55:47.708831
f6322c01,MSFT,BUY,471,318.21,2026-06-04 16:48:06.541878
5ddac904,MSFT,BUY,269,96.73,2026-06-05 00:14:02.136417
4b180817,MSFT,SELL,459,309.5,2026-06-04 21:06:14.946268
63c18ba0,ZS,SELL,237,454.62,2026-06-04 16:23:48.839375
9d2e3832,ZS,SELL,382,224.34,2026-06-05 03:19:24.205025
9a85d1cf,ION,BUY,374,343.92,2026-06-04 17:21:15.854275
bc8ca058,TSLA,SELL,364,249.15,2026-06-04 23:23:06.053232
c12b2382,ZS,SELL,165,395.5,2026-06-05 14:22:46.921312
95049efa,ION,SELL,89,484.78,2026-06-05 10:30:42.120338
8aecfae4,MSFT,SELL,454,114.98,2026-06-04 15:41:55.236372
e9250c1b,MSFT,SELL,476,277.69,2026-06-04 20:12:20.770065
b69510da,MSFT,SELL,282,90.16,2026-06-05 10:30:26.999373
e446a203,TSLA,BUY,324,217.87,2026-06-04 17:15:52.220697
98480ef2,TSLA,SELL,41,277.93,2026-06-05 00:35:53.280187
b9c7f72c,MSFT,BUY,453,179.99,2026-06-04 16:59:17.175905
4c1c7ca7,AAPL,SELL,11,499.55,2026-06-04 16:25:30.376661
f9f629c9,ION,SELL,154,128.53,2026-06-05 12:10:06.639809
0c17c4a1,AAPL,BUY,77,77.42,2026-06-05 10:51:15.331998
7237d38c,MSFT,BUY,282,136.94,2026-06-05 12:21:52.853634
47a8d70a,AAPL,SELL,276,271.41,2026-06-05 07:58:57.487256
7b0d23d0,TSLA,SELL,409,394.87,2026-06-05 13:33:02.393294
753cb357,ION,BUY,387,67.27,2026-06-04 16:43:16.223557
4791a307,ZS,SELL,475,456.42,2026-06-05 08:21:49.446435
0a7607b3,MSFT,SELL,254,169.98,2026-06-04 22:35:27.499271
126a7801,ION,BUY,331,253.44,2026-06-04 23:59:49.062984
6be23258,AAPL,SELL,324,164.41,2026-06-05 09:22:57.225429
cf100a43,AAPL,BUY,78,129.09,2026-06-05 00:26:38.714291
1f3267b2,TSLA,SELL,239,428.09,2026-06-05 00:52:07.458603
b4973573,AAPL,SELL,366,378.5,2026-06-04 22:39:10.906096
703d851c,ION,BUY,431,107.94,2026-06-04 16:49:16.208435
c1314c1f,ZS,SELL,390,428.43,2026-06-05 03:42:52.929178
ee9e08be,MSFT,BUY,376,352.42,2026-06-05 13:33:59.400174
7ec8f4cb,ION,SELL,387,188.81,2026-06-04 19:26:26.837344
64c756a1,ION,BUY,349,265.05,2026-06-04 15:15:48.432637
7506aad2,AAPL,SELL,220,429.85,2026-06-04 22:28:27.895868
78773b53,ZS,SELL,63,291.03,2026-06-05 10:00:06.807205
d65c9f31,ION,SELL,32,222.22,2026-06-05 14:07:58.597661
26d6f64c,TSLA,SELL,165,278.08,2026-06-05 12:20:14.109939
9f37feaf,ZS,BUY,255,246.5,2026-06-04 21:10:37.381484
991edc99,ZS,BUY,96,209.13,2026-06-04 23:18:59.873522
2f36d897,ION,BUY,452,268.46,2026-06-04 18:43:45.683544
0530e6da,MSFT,SELL,435,160.48,2026-06-05 14:37:54.288030
cb749d89,ION,SELL,89,444.86,2026-06-04 15:47:56.358130
d8cd26bd,AAPL,BUY,127,463.46,2026-06-05 12:37:40.425501
0acb2b9a,AAPL,BUY,487,304.83,2026-06-05 06:27:18.422393
bccb76b7,TSLA,BUY,303,383.67,2026-06-04 22:16:51.716556
98d64a0a,ZS,BUY,454,441.84,2026-06-04 22:47:34.559537
613ad3ad,ION,SELL,108,436.05,2026-06-05 00:29:13.669582
5b3276ac,ZS,BUY,393,332.81,2026-06-04 15:05:18.134688
52939975,MSFT,SELL,52,320.25,2026-06-05 03:48:41.399611
70743d4a,TSLA,BUY,265,426.57,2026-06-04 19:49:56.229236
6b5af295,ZS,SELL,424,169.96,2026-06-05 10:01:11.178905
4bafddb2,ZS,SELL,412,160.12,2026-06-05 03:31:13.274801
02f2e25e,MSFT,BUY,362,366.55,2026-06-05 12:22:36.019949
177e68df,AAPL,SELL,214,255.74,2026-06-05 09:04:16.092643
4dca9496,ZS,SELL,128,231.26,2026-06-04 15:48:59.996410
2aa9d1b8,ION,BUY,252,100.36,2026-06-04 22:39:35.468844
2d842c8d,AAPL,BUY,395,184.71,2026-06-05 14:29:35.601440
dfcdfece,MSFT,SELL,203,464.09,2026-06-05 08:40:15.407835
b6abb3d2,ZS,BUY,466,93.64,2026-06-05 07:47:39.069487
75ad58aa,AAPL,SELL,437,489.12,2026-06-05 10:42:43.534020
5c393f8f,AAPL,BUY,419,407.99,2026-06-05 10:28:09.388110
063b00bf,ZS,BUY,293,366.85,2026-06-04 18:06:40.824944
80175f2d,ION,BUY,416,486.17,2026-06-04 18:57:49.513529
fb48110b,TSLA,BUY,471,223.03,2026-06-05 05:35:34.108264
29c5b6cb,ION,SELL,114,394.37,2026-06-04 16:09:54.597171
d8dbe010,TSLA,BUY,496,131.96,2026-06-04 23:39:43.364328
5629ee8c,MSFT,BUY,148,497.49,2026-06-05 13:54:12.173707
0dbb9371,ZS,SELL,164,131.49,2026-06-05 12:08:38.778524
e7b70760,ION,BUY,177,455.26,2026-06-05 00:40:53.712784
68f9e691,ION,BUY,252,153.85,2026-06-05 04:45:25.493647
2a513c56,TSLA,SELL,169,319.68,2026-06-05 02:13:13.681462
ef4b418e,TSLA,BUY,343,402.46,2026-06-04 19:21:25.975987
04f90e64,MSFT,BUY,262,293.31,2026-06-05 03:39:33.178115
9a185227,ION,BUY,175,344.29,2026-06-05 00:21:23.659269
9f50ed13,AAPL,SELL,67,396.71,2026-06-04 20:27:31.520117
313ebac8,ZS,SELL,426,138.78,2026-06-05 00:00:32.534443
4a8e4ad0,TSLA,BUY,378,445.99,2026-06-05 11:01:33.952639
ca68776f,AAPL,BUY,35,270.52,2026-06-05 08:02:17.226072
4c0a1d79,AAPL,BUY,261,191.88,2026-06-05 05:25:22.599858
85c96e83,ION,BUY,61,488.31,2026-06-05 10:59:06.522606
9e82c3b0,TSLA,BUY,410,96.4,2026-06-05 09:50:23.478565
4e33c0c0,AAPL,SELL,291,263.64,2026-06-05 14:16:15.062681
2fcea92c,ZS,BUY,248,141.5,2026-06-05 10:34:49.879711
bcd6c33a,TSLA,BUY,354,226.7,2026-06-05 05:57:32.062003
a55d5fa0,ZS,BUY,73,431.82,2026-06-04 19:00:13.164791
b97d50eb,ION,SELL,64,485.78,2026-06-05 08:01:45.687719
392ad717,MSFT,SELL,251,263.3,2026-06-04 18:02:14.031144
a5c94ce2,MSFT,BUY,229,406.65,2026-06-04 19:49:21.195966
cef60ed4,AAPL,BUY,273,445.77,2026-06-04 15:45:09.639135
3d126b4d,TSLA,SELL,450,85.48,2026-06-05 08:21:07.045136
549016cf,ZS,SELL,247,306.43,2026-06-05 11:52:15.484339
4a582876,TSLA,BUY,312,202.08,2026-06-05 07:34:01.450756
5070a78b,ION,SELL,354,141.32,2026-06-04 15:36:35.456639
744315e7,AAPL,SELL,244,123.26,2026-06-05 12:13:28.616169
b8007ffa,MSFT,BUY,314,166.43,2026-06-05 00:42:44.485757
63ec7e93,ZS,BUY,456,375.74,2026-06-05 10:54:46.251038
9a47d738,AAPL,BUY,387,472.09,2026-06-04 18:36:49.324532
77f77a91,AAPL,BUY,343,113.11,2026-06-05 03:22:02.717132
123f5186,AAPL,BUY,56,286.36,2026-06-05 01:22:02.747578
81a21c4c,ZS,SELL,99,284.59,2026-06-05 14:30:19.862835
15fa4769,TSLA,BUY,185,63.84,2026-06-05 01:52:59.847706
d02a9133,ION,SELL,265,153.15,2026-06-05 10:55:28.330112
65ba14cc,AAPL,SELL,118,155.7,2026-06-04 20:51:34.170212
eaacc867,TSLA,BUY,283,242.9,2026-06-05 05:39:05.997239
65f50148,TSLA,SELL,66,87.68,2026-06-05 04:00:48.099789
6020ea13,ION,BUY,469,342.95,2026-06-05 13:11:29.666487
a9605aee,ZS,BUY,122,185.63,2026-06-05 05:03:23.910247
6bbac178,TSLA,SELL,157,292.22,2026-06-05 11:13:37.317997
3b7ecafe,ION,SELL,155,461.13,2026-06-04 18:10:11.509902
937f57cc,AAPL,SELL,88,139.21,2026-06-04 23:28:47.093898
51177439,MSFT,SELL,196,69.49,2026-06-05 10:42:23.073238
fb703828,ION,BUY,239,173.43,2026-06-04 23:28:15.015921
fe54cdfd,MSFT,SELL,485,443.39,2026-06-05 04:38:17.862069
892b4ff5,ION,SELL,41,368.42,2026-06-04 22:47:42.439665
1f43b025,ZS,SELL,328,51.75,2026-06-05 05:09:25.592415
578c50e4,AAPL,SELL,183,368.85,2026-06-05 02:10:52.164849
b5fad77a,AAPL,BUY,394,427.2,2026-06-04 23:48:20.197079
a25bc86a,TSLA,SELL,222,437.76,2026-06-05 01:54:26.611619
caf89642,TSLA,SELL,237,378.41,2026-06-05 09:36:03.985644
0856eb0f,ZS,SELL,415,90.89,2026-06-05 11:53:18.097600
ce4a84a0,ION,SELL,322,81.07,2026-06-04 16:02:16.964981
037a1415,ZS,BUY,157,249.55,2026-06-05 12:15:12.064991
9ceb8101,ION,BUY,93,170.07,2026-06-04 17:38:50.333910
cc763522,MSFT,SELL,53,464.96,2026-06-05 07:44:50.346735
9f21b5d3,AAPL,SELL,143,326.77,2026-06-05 05:44:15.956071
bd093def,ZS,SELL,467,128.23,2026-06-05 12:39:56.687307
c883b7b4,TSLA,SELL,434,92.15,2026-06-05 08:37:41.318594
10678ead,ION,SELL,205,203.96,2026-06-05 03:01:20.436057
c84fc256,ION,BUY,58,352.71,2026-06-05 06:21:00.807429
e02937ef,TSLA,SELL,36,304.81,2026-06-04 16:22:50.110029
84fda137,MSFT,SELL,105,92.72,2026-06-05 04:14:58.281491
afbcd694,ION,BUY,148,133.31,2026-06-05 09:20:13.164401
81844fb7,MSFT,BUY,148,266.28,2026-06-05 02:11:39.448157
7914f706,ZS,SELL,356,72.28,2026-06-05 14:17:10.747210
30745431,ION,SELL,215,307.04,2026-06-04 22:02:54.302230
c0337090,ION,SELL,136,118.44,2026-06-05 14:33:53.286181
10ad7070,AAPL,SELL,123,197.67,2026-06-05 08:11:09.184275
458b439d,MSFT,BUY,123,272.15,2026-06-05 10:04:17.247520
1042f6aa,MSFT,SELL,185,282.18,2026-06-05 08:10:15.976573
adea764b,AAPL,BUY,38,67.8,2026-06-05 08:21:56.948471
8889fadd,ZS,SELL,351,209.0,2026-06-05 09:47:58.629286
de624730,MSFT,SELL,395,331.06,2026-06-05 11:15:20.097485
1faca818,TSLA,BUY,73,215.92,2026-06-04 15:22:05.048774
aa70850f,ZS,SELL,485,469.09,2026-06-05 10:59:13.234937
ce135800,ION,SELL,77,463.36,2026-06-04 14:57:01.608614
28a7e853,AAPL,SELL,89,65.67,2026-06-04 16:16:55.381633
887e141b,ION,SELL,290,435.27,2026-06-05 00:57:49.656733
fa656170,AAPL,BUY,197,405.78,2026-06-04 23:01:47.822569
f2dea8b2,AAPL,BUY,146,97.75,2026-06-05 08:55:38.084690
14db2fd1,TSLA,SELL,476,198.54,2026-06-04 18:04:00.178957
1a405e71,ION,BUY,299,354.26,2026-06-05 01:00:51.563759
e1caa66f,AAPL,BUY,371,318.58,2026-06-05 00:10:35.504993
c4648281,TSLA,BUY,255,292.13,2026-06-04 19:46:43.448533
78119540,ION,BUY,420,117.24,2026-06-04 23:33:17.247928
3de0c470,AAPL,SELL,393,177.68,2026-06-04 16:56:27.607377
21f0a082,TSLA,SELL,431,308.0,2026-06-04 17:39:32.451933
04dbf2a6,ION,SELL,370,166.74,2026-06-04 21:57:46.881660
c6a70e1c,MSFT,BUY,209,315.53,2026-06-05 12:23:12.400543
2285e99e,ZS,BUY,48,447.66,2026-06-05 09:21:15.625655
996e2ed3,ZS,BUY,354,456.31,2026-06-05 01:25:06.075975
f5bbc452,ION,SELL,444,313.51,2026-06-05 04:39:22.612828
09234573,ZS,BUY,58,460.52,2026-06-04 17:17:29.442193
3efdab2c,TSLA,BUY,348,138.07,2026-06-05 07:29:06.429514
b8911487,ION,SELL,344,190.26,2026-06-05 00:37:59.967564
055536fd,ZS,SELL,249,300.81,2026-06-04 15:54:53.233289
89351b97,MSFT,BUY,418,234.25,2026-06-04 23:19:38.058781
e51596b2,ION,BUY,415,141.23,2026-06-04 23:37:42.299900
7bc381d1,TSLA,SELL,419,320.53,2026-06-04 19:19:24.740517
7336bcf6,MSFT,BUY,290,394.33,2026-06-05 12:25:37.077540
f697a183,ZS,SELL,30,62.66,2026-06-05 13:59:11.867888
0ce0a458,AAPL,BUY,52,224.43,2026-06-05 14:29:51.978014
3df08fbd,AAPL,SELL,369,225.04,2026-06-05 04:27:37.101363
a3c868d2,AAPL,BUY,451,274.58,2026-06-05 06:25:48.127646
f069afc5,AAPL,SELL,52,170.97,2026-06-04 23:14:55.865499
1af4c523,MSFT,SELL,323,103.95,2026-06-05 06:47:01.494521
cc45ef48,MSFT,SELL,66,478.97,2026-06-04 21:56:25.430226
72521e3c,MSFT,BUY,28,137.15,2026-06-04 23:52:23.436270
3d89efb3,MSFT,SELL,437,492.58,2026-06-05 02:19:52.396474
c97e93c6,ION,BUY,426,408.74,2026-06-05 05:36:02.816396
92e0e918,ION,SELL,267,135.32,2026-06-05 10:47:00.461666
faf1459b,AAPL,SELL,37,102.71,2026-06-05 11:13:36.077156
b0ab00df,TSLA,SELL,318,494.57,2026-06-05 13:14:16.934512
d4fc3ba0,ZS,BUY,451,432.79,2026-06-04 23:35:50.907032
aef1b288,ION,SELL,325,433.48,2026-06-04 16:17:36.926568
4288c9a6,ZS,BUY,393,264.45,2026-06-05 13:07:49.412851
8fd3bff4,AAPL,BUY,259,129.32,2026-06-05 13:46:34.232501
97badcbb,ZS,BUY,493,159.67,2026-06-05 04:18:36.610255
68035c28,AAPL,BUY,80,229.54,2026-06-05 03:14:10.949535
a05fbf13,AAPL,BUY,279,207.39,2026-06-05 09:07:52.725088
dc0095b7,ZS,BUY,222,169.06,2026-06-04 17:02:44.141532
5e6920fc,ZS,SELL,12,177.78,2026-06-05 08:12:44.962346
c7f198de,MSFT,BUY,279,105.17,2026-06-05 01:37:47.491421
39093280,AAPL,SELL,232,237.73,2026-06-04 20:18:18.435296
5f0760f2,AAPL,BUY,225,393.28,2026-06-04 18:32:35.683576
14429dde,AAPL,SELL,161,284.68,2026-06-05 08:00:23.426935
44dde372,MSFT,BUY,48,337.87,2026-06-05 04:11:36.362553
dd678ebd,ION,SELL,435,189.96,2026-06-04 20:05:04.139726
87f50f32,MSFT,BUY,396,237.96,2026-06-05 09:30:12.916949
c3d49ca6,TSLA,BUY,451,90.77,2026-06-05 13:34:11.524773
e7f7f1dc,TSLA,SELL,314,211.87,2026-06-05 05:20:03.119348
59f145fd,AAPL,BUY,124,468.24,2026-06-04 18:25:07.919530
ba2a501e,AAPL,BUY,204,69.44,2026-06-04 14:59:45.449766
fa27ac21,TSLA,BUY,220,451.01,2026-06-05 10:54:06.896433
068d48f0,ZS,SELL,91,151.83,2026-06-05 07:44:44.865513
c8fc4198,AAPL,BUY,291,358.31,2026-06-04 22:29:48.461637
e7edc313,AAPL,BUY,328,144.69,2026-06-05 13:36:23.217838
dc94ebe9,MSFT,SELL,334,343.79,2026-06-05 04:07:07.631208
a48bb278,ION,SELL,204,66.62,2026-06-05 10:44:15.782694
e509250b,TSLA,BUY,61,382.02,2026-06-05 03:50:30.650424
31916213,MSFT,SELL,112,270.53,2026-06-05 03:08:46.690042
854f8579,ZS,SELL,365,342.99,2026-06-05 02:10:25.847169
1b24243e,MSFT,SELL,101,194.32,2026-06-05 09:24:35.498906
5c7fa829,TSLA,SELL,167,300.23,2026-06-04 22:38:19.620498
2f80ff17,ZS,SELL,136,493.09,2026-06-05 08:35:05.886420
d494e7f3,TSLA,BUY,441,432.13,2026-06-05 14:16:21.346359
edfa801f,ZS,BUY,285,238.02,2026-06-05 13:35:26.012320
f47d5adc,MSFT,BUY,329,352.44,2026-06-04 23:29:37.086861
6b37d6da,TSLA,BUY,496,189.35,2026-06-05 01:50:34.349441
6f7b9e02,ION,SELL,201,417.36,2026-06-04 17:33:57.057814
0cdc1801,MSFT,SELL,371,101.63,2026-06-05 10:04:59.399344
35efc3bd,ION,SELL,123,302.33,2026-06-05 03:11:54.942437
68b6e266,ZS,BUY,427,486.13,2026-06-04 16:48:27.882838
09bb5863,TSLA,SELL,79,183.58,2026-06-04 16:04:10.654997
3ced4b6f,ZS,SELL,385,81.76,2026-06-04 20:44:48.550940
3c7f01be,ZS,SELL,199,476.52,2026-06-05 10:16:50.212250
ecb4b0e6,MSFT,SELL,448,204.58,2026-06-04 18:37:46.870711
40aec502,MSFT,SELL,419,106.38,2026-06-05 03:01:02.071048
f212145c,AAPL,BUY,440,486.97,2026-06-04 19:18:50.118676
6f8872c7,ZS,BUY,198,369.49,2026-06-04 16:49:40.445935
a40799d1,ION,SELL,245,96.27,2026-06-05 04:31:26.954504
7f4d68ee,AAPL,BUY,208,355.23,2026-06-04 21:45:52.829315
ac7761be,ZS,BUY,50,484.02,2026-06-05 10:03:31.978497
27052f33,TSLA,SELL,401,315.99,2026-06-04 16:25:42.290015
3a40f9e7,AAPL,BUY,263,146.24,2026-06-05 11:25:46.101528
863f6218,ZS,BUY,150,437.55,2026-06-05 05:35:11.478537
67720076,TSLA,SELL,277,375.22,2026-06-05 10:31:32.088765
b3e2710b,AAPL,BUY,23,253.58,2026-06-04 23:28:52.142117
1c5624da,ZS,BUY,69,412.08,2026-06-04 21:29:40.548497
4580a7d6,TSLA,BUY,380,316.78,2026-06-05 01:35:29.346820
ba4d63fa,ZS,BUY,63,188.11,2026-06-04 21:27:27.609436
e4a61dae,TSLA,SELL,128,121.17,2026-06-05 02:29:58.860377
66e807bf,ZS,SELL,16,466.13,2026-06-05 10:03:45.959131
40a13281,MSFT,SELL,207,221.49,2026-06-05 02:01:50.781973
0901c883,ION,SELL,10,167.57,2026-06-05 08:02:30.856761
a050c473,ION,BUY,134,381.58,2026-06-05 01:33:50.995842
7b9a2526,ZS,BUY,130,59.42,2026-06-04 15:03:46.178587
c0427bc4,TSLA,BUY,244,216.63,2026-06-04 17:29:53.027247
47882a22,ZS,SELL,341,71.6,2026-06-05 13:02:41.843805
c080a1bd,MSFT,SELL,163,338.96,2026-06-05 14:22:38.317760
54f4fae8,MSFT,BUY,358,118.22,2026-06-05 06:13:57.651281
12bbbcaa,MSFT,SELL,494,381.68,2026-06-05 11:18:27.081402
a47657ad,ION,SELL,151,419.01,2026-06-04 15:37:19.838690
e4d5492b,TSLA,SELL,85,243.84,2026-06-04 22:00:13.621923
f4a0518e,ZS,BUY,292,350.04,2026-06-04 19:25:10.200028
38dca332,ION,SELL,500,259.62,2026-06-04 17:36:22.400603
bb5e19f8,ZS,BUY,358,481.88,2026-06-04 20:32:34.860352
87cd8c76,ZS,SELL,474,133.7,2026-06-05 02:08:00.281812
669c4cd1,AAPL,SELL,173,179.64,2026-06-05 02:29:10.398334
e12ab5e9,ZS,BUY,77,241.33,2026-06-05 05:32:30.375788
34897cad,AAPL,SELL,432,273.36,2026-06-04 19:23:12.798484
9e38788f,ION,SELL,203,107.12,2026-06-05 02:32:07.569489
dee792be,ZS,BUY,133,77.67,2026-06-05 09:16:31.597516
6279afc7,AAPL,BUY,230,114.54,2026-06-05 03:36:48.992019
07720f9d,ZS,BUY,19,270.41,2026-06-05 14:13:43.957206
75971c64,MSFT,SELL,84,458.18,2026-06-04 18:39:25.452292
b57ecdb1,AAPL,BUY,213,241.48,2026-06-04 15:48:44.509505
9d5bc762,ION,BUY,432,211.9,2026-06-05 11:41:54.158577
a96b622f,ZS,BUY,102,58.25,2026-06-04 16:11:17.392609
15883c1b,ZS,SELL,364,190.25,2026-06-05 13:07:24.312498
4db3e870,ION,SELL,84,390.55,2026-06-04 23:48:40.467046
95ae7f88,MSFT,SELL,387,56.41,2026-06-05 06:57:55.440138
0512abed,AAPL,SELL,449,87.15,2026-06-05 06:01:08.424454
eee22ba3,ZS,BUY,112,386.62,2026-06-05 04:20:30.507733
02a86be3,MSFT,SELL,284,333.08,2026-06-05 12:11:47.230026
b8cb7773,MSFT,BUY,37,105.57,2026-06-04 17:35:50.874481
5755652b,ZS,BUY,140,428.61,2026-06-05 13:33:27.570352
0f491463,ION,SELL,131,336.03,2026-06-04 22:20:59.925791
38361458,MSFT,SELL,399,377.59,2026-06-05 04:05:56.893501
7e1bf2ca,ZS,SELL,479,485.54,2026-06-05 07:06:08.334472
18578095,TSLA,BUY,421,156.58,2026-06-05 04:19:48.806099
029896cf,AAPL,BUY,309,274.57,2026-06-05 10:25:18.421351
b842e822,ZS,BUY,435,321.63,2026-06-05 04:04:37.405473
06e74681,MSFT,SELL,178,171.27,2026-06-05 06:33:24.157376
bb3c1191,ZS,SELL,183,355.5,2026-06-05 02:04:06.319513
c410bb1a,ZS,BUY,466,95.89,2026-06-04 23:09:58.076302
54170b96,MSFT,BUY,287,60.37,2026-06-05 07:40:34.293545
5a9b58e6,TSLA,BUY,55,195.98,2026-06-05 10:24:11.182569
e52e7bed,AAPL,SELL,151,55.8,2026-06-05 06:59:20.909627
90421f2a,TSLA,BUY,300,197.62,2026-06-05 04:04:50.062289
cc703fd6,TSLA,BUY,45,140.19,2026-06-05 04:08:25.281581
9459c0fa,ZS,SELL,274,445.61,2026-06-05 04:19:44.015998
7eba1325,AAPL,SELL,163,321.99,2026-06-05 12:59:20.696951
7634a9b2,AAPL,SELL,151,59.1,2026-06-05 13:43:26.865193
9ab3be2f,AAPL,BUY,72,453.67,2026-06-05 00:27:45.075715
e6226ce1,TSLA,SELL,131,396.29,2026-06-05 08:30:37.967912
6d1e8e3e,MSFT,BUY,127,323.26,2026-06-04 19:09:28.301592
906eaac9,MSFT,BUY,99,85.31,2026-06-05 00:40:29.600872
4aa8c6b1,ZS,BUY,469,394.53,2026-06-05 01:31:13.894383
08969921,ION,BUY,113,250.53,2026-06-04 20:21:24.713892
14c776f9,ZS,BUY,228,158.71,2026-06-05 05:07:05.038425
0c520b5d,ION,SELL,312,432.47,2026-06-05 07:21:42.404755
ecb0b613,MSFT,BUY,376,446.95,2026-06-04 20:30:11.611822
ca50a9af,TSLA,BUY,268,273.96,2026-06-05 07:11:41.129962
bd7f61ff,ION,BUY,234,423.93,2026-06-04 19:10:41.955840
495f8725,ZS,BUY,464,483.56,2026-06-05 05:20:04.770359
91b89b89,MSFT,SELL,143,51.96,2026-06-04 23:49:57.196616
e7009cc9,AAPL,SELL,217,363.26,2026-06-05 05:28:01.327583
0ce29a37,MSFT,SELL,130,192.18,2026-06-05 08:56:30.273959
56f929a9,ION,BUY,414,67.3,2026-06-05 05:24:32.319932
61347419,MSFT,BUY,347,384.26,2026-06-05 03:14:49.411259
9ae32af7,AAPL,SELL,18,494.01,2026-06-05 11:57:32.653239
ba168a4a,ION,SELL,438,247.06,2026-06-05 11:15:39.504740
a91e7a7b,TSLA,SELL,428,294.36,2026-06-05 08:29:22.145127
67121ff9,ION,SELL,152,58.86,2026-06-05 12:40:21.390128
2c8bde88,ION,BUY,457,234.47,2026-06-05 08:58:26.811434
558e0652,AAPL,SELL,57,156.97,2026-06-04 23:13:02.825364
882f298a,ION,BUY,388,142.38,2026-06-05 09:06:56.341496
a5907149,AAPL,SELL,338,358.86,2026-06-04 18:10:24.028888
e80893b0,ION,SELL,317,473.27,2026-06-04 17:24:32.944544
cbc8d0f6,ZS,BUY,491,196.61,2026-06-04 22:57:44.941098
9fa4be88,AAPL,BUY,416,312.2,2026-06-05 05:07:37.568348
47b6068a,MSFT,SELL,292,461.71,2026-06-04 15:20:18.703850
56de4e3f,ION,BUY,267,84.11,2026-06-05 01:53:38.583867
06a062e0,ZS,BUY,478,135.38,2026-06-05 12:43:39.444716
26da0546,ZS,BUY,170,129.79,2026-06-04 18:04:43.663392
f65f1588,ION,BUY,455,373.8,2026-06-05 04:09:15.396093
cd1ac2d1,TSLA,SELL,351,66.88,2026-06-05 11:33:09.128347
2f2cec6d,TSLA,BUY,494,76.81,2026-06-04 23:31:01.546626
de69ccda,TSLA,SELL,268,123.54,2026-06-05 11:14:21.248596
7e18ac99,TSLA,BUY,110,221.45,2026-06-05 09:00:50.954766
5baef230,ION,SELL,183,104.7,2026-06-05 08:07:29.754476
682d55eb,ION,SELL,264,171.13,2026-06-05 04:55:45.806266
3d1995bd,AAPL,SELL,162,268.77,2026-06-05 04:28:42.374308
eb9aa8da,TSLA,SELL,95,358.08,2026-06-05 04:22:48.157653
21420458,ION,BUY,473,263.6,2026-06-05 09:10:20.945497
61b65160,ZS,BUY,150,205.15,2026-06-04 18:34:59.850600
1fb66d46,MSFT,SELL,261,327.93,2026-06-05 13:15:49.447005
c8ed0484,MSFT,BUY,62,190.29,2026-06-04 19:55:06.749785
5680b3a1,ION,BUY,342,102.77,2026-06-04 18:36:32.728276
b9259c35,ION,BUY,409,125.16,2026-06-05 05:33:48.794128
ad1c7dda,ION,BUY,324,241.28,2026-06-05 03:08:59.514251
065c56e2,ZS,SELL,357,245.15,2026-06-05 12:48:17.896478
fd267590,AAPL,BUY,456,184.21,2026-06-05 05:44:38.073390
43e9820c,TSLA,BUY,448,137.39,2026-06-05 08:10:52.617346
357e76f2,AAPL,SELL,419,81.42,2026-06-04 18:09:48.025306
b5236900,ZS,SELL,222,208.85,2026-06-05 00:43:03.062050
16db4553,TSLA,SELL,138,417.39,2026-06-05 11:41:58.151576
0ccf4682,MSFT,SELL,129,239.03,2026-06-05 00:19:06.342117
541877a8,MSFT,BUY,333,281.81,2026-06-05 06:51:20.153118
d4ded6e6,MSFT,BUY,160,380.46,2026-06-04 16:26:26.442685
8ff1a7c3,AAPL,BUY,223,365.1,2026-06-04 16:27:58.854784
bbd0468e,AAPL,BUY,99,398.71,2026-06-04 16:16:19.667878
b2f99682,AAPL,SELL,101,345.65,2026-06-04 22:51:20.680343
cfa104bd,ZS,BUY,277,208.79,2026-06-05 14:48:45.224720
21beda9d,AAPL,BUY,85,189.23,2026-06-04 22:23:06.957871
64e92841,TSLA,SELL,161,330.28,2026-06-05 08:36:20.059650
f710aa9c,AAPL,BUY,13,274.21,2026-06-05 10:48:53.346848
caa2cfbf,ION,SELL,25,285.68,2026-06-04 17:12:32.500719
ccda375f,AAPL,SELL,450,327.18,2026-06-05 06:21:43.245615
62c81c3e,ION,BUY,103,371.32,2026-06-05 00:47:14.068975
b5548ed7,MSFT,BUY,405,331.36,2026-06-05 03:00:52.770253
2f5887a3,TSLA,BUY,22,150.43,2026-06-05 10:05:30.574088
e3f75f98,AAPL,SELL,54,285.21,2026-06-05 12:15:45.352847
0640d262,AAPL,BUY,327,219.33,2026-06-05 03:43:28.351555
07a6de05,ZS,SELL,301,336.18,2026-06-05 14:32:14.729795
e5087aa2,MSFT,BUY,426,134.59,2026-06-04 15:51:04.782189
9a5351c0,AAPL,SELL,339,479.17,2026-06-05 05:42:58.890066
44177977,AAPL,SELL,31,182.59,2026-06-05 00:05:25.514121
4999f798,MSFT,SELL,78,423.67,2026-06-05 11:23:07.975602
4c12025a,ZS,BUY,495,499.4,2026-06-05 04:54:16.619551
21f0bc34,TSLA,BUY,444,454.25,2026-06-04 19:32:37.151810
b385f5c6,MSFT,SELL,99,77.75,2026-06-05 04:41:00.117291
d0ca8416,MSFT,BUY,160,264.5,2026-06-05 06:40:14.259048
7a59fb98,ION,SELL,365,427.69,2026-06-05 09:12:28.746922
c5b9935a,MSFT,BUY,342,147.06,2026-06-05 02:50:31.882947
643cba19,MSFT,SELL,171,80.8,2026-06-05 04:57:22.314987
36bd6bb2,TSLA,SELL,48,367.59,2026-06-05 04:48:53.121883
d9fd6783,ZS,SELL,361,241.64,2026-06-04 21:54:30.877539
90799a57,ION,BUY,258,371.51,2026-06-05 08:45:34.119375
59dc9a78,AAPL,SELL,195,186.39,2026-06-05 02:03:49.373731
97d87d4b,ZS,BUY,220,462.09,2026-06-05 04:19:28.080511
00c6bba1,MSFT,BUY,329,282.76,2026-06-05 01:43:04.663028
da4d79ab,AAPL,SELL,250,243.91,2026-06-04 19:50:12.511466
24526873,AAPL,SELL,29,311.47,2026-06-05 06:44:39.298110
9d2c2ab0,TSLA,BUY,107,247.49,2026-06-05 00:11:03.775960
f08e0d72,TSLA,BUY,356,433.69,2026-06-05 05:21:37.270000
939691a8,AAPL,BUY,476,177.46,2026-06-05 14:27:51.309158
9e554394,ZS,SELL,96,452.81,2026-06-04 17:07:40.088911
3eb78f1e,AAPL,SELL,248,214.09,2026-06-04 17:53:06.051927
06ea45d8,ZS,SELL,227,360.41,2026-06-05 09:47:57.448856
7a61d5e1,ZS,SELL,245,467.76,2026-06-04 19:43:21.717627
a32811f8,AAPL,SELL,260,405.67,2026-06-05 03:16:39.387608
f9cc07ca,TSLA,SELL,289,281.99,2026-06-05 08:45:27.696741
a1b406a6,ION,SELL,368,441.37,2026-06-05 02:00:03.128330
ea26383f,AAPL,BUY,293,389.14,2026-06-04 23:43:30.235749
fdfd5564,AAPL,SELL,121,94.83,2026-06-05 08:46:04.117575
82b92aaa,ZS,BUY,31,301.17,2026-06-04 20:59:50.362277
65d04b69,MSFT,SELL,181,309.91,2026-06-04 19:33:30.226368
53dffbea,ION,BUY,404,206.76,2026-06-05 05:09:20.275396
c56e03dc,ZS,BUY,33,173.29,2026-06-04 15:17:53.635375
9f475612,ZS,SELL,24,76.14,2026-06-05 08:23:36.260643
1249e210,ION,BUY,290,118.16,2026-06-05 02:15:59.786070
e6872bb2,MSFT,SELL,63,486.58,2026-06-04 20:11:45.593300
81b05188,ION,SELL,488,81.11,2026-06-05 02:15:41.165979
64acb5d2,ION,BUY,148,266.51,2026-06-05 07:08:28.079169
43acc9a6,TSLA,SELL,464,316.35,2026-06-05 08:23:12.359711
3598a991,MSFT,BUY,471,465.64,2026-06-05 13:20:50.716195
a16645a2,TSLA,SELL,361,453.31,2026-06-05 00:35:22.349778
81f0c56f,MSFT,BUY,186,405.27,2026-06-05 07:25:15.532064
18e78a58,ZS,SELL,168,206.89,2026-06-04 19:06:23.986277
4966eb3d,TSLA,BUY,216,355.81,2026-06-05 05:35:42.881059
4744f781,MSFT,SELL,124,353.69,2026-06-05 08:05:52.822922
b7bb616b,AAPL,BUY,249,405.01,2026-06-05 03:38:37.867618
0af0bf27,TSLA,SELL,292,180.35,2026-06-05 07:42:18.116286
2a4ab286,MSFT,BUY,289,426.97,2026-06-05 04:22:15.171613
ea1bbd82,ION,BUY,188,464.8,2026-06-04 17:53:24.069418
5203da84,ION,SELL,439,324.56,2026-06-05 01:06:51.048725
1763a0a7,MSFT,SELL,125,465.37,2026-06-05 09:24:13.174293
5dda7cfb,ZS,BUY,24,55.87,2026-06-04 20:53:47.117340
12d1108e,MSFT,SELL,103,55.62,2026-06-05 11:22:51.767082
f0a30496,MSFT,SELL,415,351.04,2026-06-04 16:23:00.509571
d8b70b0e,AAPL,BUY,265,139.75,2026-06-04 17:04:00.120741
73a25bf6,ION,BUY,425,402.34,2026-06-05 09:25:02.288015
2f0a2b85,ION,SELL,283,464.23,2026-06-05 03:14:07.857485
e4c71649,MSFT,BUY,193,171.99,2026-06-05 01:19:44.711874
e4429489,MSFT,SELL,484,85.38,2026-06-04 16:24:10.720862
cd87b2eb,TSLA,SELL,440,92.13,2026-06-05 06:30:02.008277
c21c1a18,MSFT,BUY,348,211.57,2026-06-04 16:31:03.768365
3a86988f,ION,SELL,216,261.87,2026-06-04 15:28:12.141927
0fb76978,AAPL,BUY,418,86.12,2026-06-05 02:37:59.173575
27d904b2,TSLA,SELL,236,269.29,2026-06-05 01:31:18.650679
9ae282d5,MSFT,SELL,224,468.43,2026-06-04 17:37:52.923409
81477240,TSLA,BUY,432,239.27,2026-06-05 01:57:02.394118
70cc8125,TSLA,SELL,345,239.67,2026-06-05 04:25:51.155184
62d3a226,AAPL,SELL,266,69.42,2026-06-05 05:55:25.588176
93144aec,ZS,BUY,35,98.19,2026-06-04 21:59:05.053492
2027bcc5,ION,BUY,418,446.6,2026-06-05 01:28:19.810457
e28522f8,TSLA,BUY,497,415.03,2026-06-04 23:48:35.216974
c47f03b4,ION,SELL,30,195.03,2026-06-04 22:20:07.507032
ff2f8bc8,AAPL,SELL,477,71.28,2026-06-05 02:14:37.790480
42b2d89e,AAPL,BUY,246,161.5,2026-06-05 00:14:43.454173
4e337b76,AAPL,SELL,437,151.07,2026-06-04 14:53:26.968374
20b6a163,AAPL,SELL,234,413.21,2026-06-05 13:10:57.802526
bea21d98,ION,BUY,129,111.18,2026-06-04 19:39:20.222572
94d8b390,ZS,SELL,12,54.75,2026-06-05 14:41:28.170876
2bcc1ed7,ZS,BUY,416,322.31,2026-06-05 12:39:28.588529
e096ab44,TSLA,SELL,299,219.68,2026-06-04 20:38:30.707759
01ca980e,TSLA,SELL,269,109.35,2026-06-05 05:52:44.932371
44dd4220,AAPL,BUY,28,108.97,2026-06-05 11:08:48.932605
1a89d4d4,TSLA,SELL,284,356.05,2026-06-04 21:28:06.648490
6af106d8,TSLA,BUY,479,302.85,2026-06-05 10:29:07.021891
980d9900,TSLA,SELL,154,199.19,2026-06-05 09:03:57.334709
0fce6b4e,TSLA,SELL,151,240.76,2026-06-05 13:35:48.357604
a98315a9,ION,BUY,249,398.55,2026-06-05 05:51:06.468886
89069545,ION,BUY,421,303.87,2026-06-04 22:59:07.770246
e173603b,ZS,SELL,167,474.3,2026-06-04 21:53:59.911272
bbb98994,ZS,SELL,176,249.48,2026-06-04 15:42:33.657080
6eca5543,MSFT,BUY,265,209.39,2026-06-05 04:53:03.225169
a56501bf,TSLA,SELL,431,405.18,2026-06-05 03:24:58.128693
3f9a2329,TSLA,SELL,136,176.79,2026-06-05 03:21:50.163942
5e1e2903,MSFT,BUY,412,304.09,2026-06-05 02:51:24.337664
27f3f225,ZS,BUY,15,258.97,2026-06-05 14:45:06.859259
01f0c1a1,ZS,SELL,442,197.2,2026-06-04 17:34:36.584100
379bd7a6,AAPL,BUY,107,131.1,2026-06-04 18:51:29.172956
c8ae8a9e,TSLA,BUY,60,135.69,2026-06-04 19:11:27.790399
a74c6d4e,AAPL,SELL,156,428.62,2026-06-04 17:57:15.035067
8609e34c,ZS,SELL,334,353.0,2026-06-05 03:03:20.127399
5c78a945,ZS,SELL,486,343.06,2026-06-04 17:47:07.532439
52eeed4b,TSLA,BUY,434,171.86,2026-06-05 06:53:00.562397
ab68e19a,ION,SELL,154,260.6,2026-06-04 16:22:16.076127
a574ec8f,ION,SELL,299,228.3,2026-06-05 00:16:54.419252
7f9a8fb5,ION,BUY,58,410.63,2026-06-04 17:40:57.204579
e0ff821a,ZS,BUY,79,100.06,2026-06-05 09:40:01.492796
3956812b,ZS,SELL,237,400.63,2026-06-04 17:50:31.774446
f42db718,TSLA,SELL,169,191.86,2026-06-04 15:45:42.838496
2c3a1183,ION,BUY,482,285.96,2026-06-05 14:15:10.889366
6a3e4663,ION,BUY,255,397.06,2026-06-05 08:09:41.924867
5884745f,ION,SELL,408,102.34,2026-06-05 11:58:41.207464
28460aaf,ZS,SELL,377,470.91,2026-06-05 02:09:08.296687
63e04477,MSFT,BUY,21,166.71,2026-06-04 15:41:41.880154
55f50eb4,AAPL,BUY,500,303.64,2026-06-04 16:04:12.717650
ec461450,ZS,SELL,128,415.92,2026-06-04 17:27:48.879445
69f60a43,ION,SELL,361,99.46,2026-06-04 21:00:34.734693
f70deff7,TSLA,SELL,102,335.53,2026-06-05 11:52:15.711968
d5de0f82,MSFT,BUY,298,194.93,2026-06-05 06:53:57.760349
9aa5001d,ION,SELL,208,478.88,2026-06-05 11:42:25.782852
1e58f26e,AAPL,BUY,32,372.05,2026-06-05 00:18:58.621582
22359faf,ZS,SELL,233,173.66,2026-06-04 16:57:10.584152
5315f51e,ZS,BUY,287,70.89,2026-06-05 09:00:05.444609
79e764fa,TSLA,BUY,241,486.56,2026-06-04 19:59:52.697700
06dae825,ZS,SELL,367,470.37,2026-06-05 02:33:11.684076
ddd58925,AAPL,SELL,182,102.76,2026-06-05 09:58:04.162903
eb209c48,ZS,BUY,463,489.65,2026-06-05 14:08:16.949208
794b79a4,ZS,SELL,449,483.46,2026-06-05 03:44:03.932847
58328946,ZS,BUY,313,115.33,2026-06-04 16:41:13.448944
b86565ca,TSLA,SELL,310,54.79,2026-06-05 04:43:25.345194
02e65b96,TSLA,SELL,350,317.4,2026-06-05 08:56:26.368463
d531f26e,ZS,BUY,156,244.64,2026-06-05 11:25:00.565496
12ecb246,ION,BUY,359,257.19,2026-06-04 17:04:25.417296
dc9be09e,AAPL,BUY,424,154.56,2026-06-04 17:52:23.174099
e8f48abb,MSFT,BUY,138,297.03,2026-06-05 03:31:50.445767
542748a6,TSLA,BUY,366,324.06,2026-06-04 14:52:41.130518
1b62992c,MSFT,BUY,215,184.45,2026-06-05 13:11:16.624963
f286fcd3,ION,BUY,86,485.64,2026-06-04 16:28:18.905779
ba74df60,ZS,SELL,307,247.38,2026-06-05 12:52:58.014370
32251f32,ION,BUY,34,129.64,2026-06-05 04:43:41.184488
40d73113,AAPL,SELL,81,235.79,2026-06-05 09:37:12.843529
312b92d7,ION,SELL,130,430.07,2026-06-05 05:06:12.671257
59162ba6,ZS,SELL,270,206.95,2026-06-05 12:27:40.811192
0cbc6201,ZS,BUY,229,191.24,2026-06-04 16:24:38.562179
547bdb7b,ZS,SELL,248,165.07,2026-06-04 18:00:53.438565
d4e77fd0,AAPL,SELL,232,349.25,2026-06-05 06:38:55.764512
6ec4488f,MSFT,BUY,37,84.37,2026-06-05 02:06:42.557312
c5e65eb4,ZS,BUY,199,74.58,2026-06-04 18:31:06.223275
a1980847,ZS,SELL,427,236.3,2026-06-05 08:02:45.069779
c37d7d0d,ION,BUY,301,446.89,2026-06-04 22:34:06.998716
f828e05a,TSLA,SELL,77,316.08,2026-06-04 15:16:22.384425
74a752a5,AAPL,BUY,433,390.69,2026-06-04 20:15:48.075225
8a607566,ION,BUY,203,225.83,2026-06-04 15:31:26.546508
ff7e086d,TSLA,SELL,344,495.57,2026-06-05 01:55:46.150396
ab01cad9,TSLA,BUY,74,395.65,2026-06-05 13:47:15.411864
ef95af17,MSFT,SELL,27,425.67,2026-06-05 06:56:48.675781
759f1e56,AAPL,SELL,45,334.53,2026-06-05 03:34:54.573931
e24b851d,ION,BUY,82,151.72,2026-06-05 05:16:20.712872
ebd8d7b8,ION,BUY,208,365.78,2026-06-04 18:58:25.469596
460dbbcb,ION,BUY,397,285.85,2026-06-04 16:07:03.839722
57aa080c,TSLA,SELL,377,400.93,2026-06-04 21:22:39.809290
e15cc29f,AAPL,BUY,62,456.39,2026-06-04 16:01:55.341397
5aa30911,ZS,SELL,315,438.14,2026-06-05 06:04:53.088801
5307fe85,MSFT,BUY,424,109.2,2026-06-04 16:54:34.796818
f52f003b,MSFT,SELL,271,346.13,2026-06-05 05:02:52.630379
7561de36,AAPL,SELL,160,490.19,2026-06-05 14:35:04.434298
e9fcf8ee,AAPL,SELL,247,300.57,2026-06-05 09:20:15.211745
9ea72993,ZS,BUY,383,417.95,2026-06-05 03:46:31.113919
992cc626,AAPL,BUY,325,185.09,2026-06-05 06:37:32.411166
d4721cd0,TSLA,SELL,151,374.92,2026-06-04 17:34:46.489964
bf856489,ION,SELL,359,120.25,2026-06-05 01:05:58.906470
